Season,team_home,team_away,stadium,team_favorite_id,spread_favorite,score_home,score_away,home location
2012,New York Giants,Dallas Cowboys,MetLife Stadium,NYG,-4,17,24,
2012,Arizona Cardinals,Seattle Seahawks,University of Phoenix Stadium,SEA,-3,20,16,
2012,Chicago Bears,Indianapolis Colts,Soldier Field,CHI,-10,41,21,
2012,Cleveland Browns,Philadelphia Eagles,FirstEnergy Stadium,PHI,-9.5,16,17,
2012,Denver Broncos,Pittsburgh Steelers,Sports Authority Field at Mile High,DEN,-2,31,19,
2012,Detroit Lions,St. Louis Rams,Ford Field,DET,-9,27,23,
2012,Green Bay Packers,San Francisco 49ers,Lambeau Field,GB,-5.5,22,30,
2012,Houston Texans,Miami Dolphins,Reliant Stadium,HOU,-13.5,30,10,
2012,Kansas City Chiefs,Atlanta Falcons,Arrowhead Stadium,ATL,-2.5,24,40,
2012,Minnesota Vikings,Jacksonville Jaguars,Mall of America Field,MIN,-3.5,26,23,
2012,New Orleans Saints,Washington Redskins,Louisiana Superdome,NO,-9,32,40,
2012,New York Jets,Buffalo Bills,MetLife Stadium,NYJ,-3,48,28,
2012,Tampa Bay Buccaneers,Carolina Panthers,Raymond James Stadium,CAR,-3,16,10,
2012,Tennessee Titans,New England Patriots,Nissan Stadium,NE,-6.5,13,34,
2012,Baltimore Ravens,Cincinnati Bengals,M&T Bank Stadium,BAL,-7,44,13,
2012,Oakland Raiders,San Diego Chargers,Oakland Coliseum,OAK,-1,14,22,
2012,Green Bay Packers,Chicago Bears,Lambeau Field,GB,-5.5,23,10,
2012,Buffalo Bills,Kansas City Chiefs,Ralph Wilson Stadium,BUF,-3,35,17,
2012,Carolina Panthers,New Orleans Saints,Bank of America Stadium,NO,-3,35,27,
2012,Cincinnati Bengals,Cleveland Browns,Paul Brown Stadium,CIN,-7,34,27,
2012,Indianapolis Colts,Minnesota Vikings,Lucas Oil Stadium,MIN,-3,23,20,
2012,Jacksonville Jaguars,Houston Texans,EverBank Field,HOU,-7,7,27,
2012,Miami Dolphins,Oakland Raiders,Sun Life Stadium,OAK,-2,35,13,
2012,New England Patriots,Arizona Cardinals,Gillette Stadium,NE,-13.5,18,20,
2012,New York Giants,Tampa Bay Buccaneers,MetLife Stadium,NYG,-8,41,34,
2012,Philadelphia Eagles,Baltimore Ravens,Lincoln Financial Field,PHI,-3,24,23,
2012,Pittsburgh Steelers,New York Jets,Heinz Field,PIT,-4.5,27,10,
2012,San Diego Chargers,Tennessee Titans,Qualcomm Stadium,LAC,-6,38,10,
2012,San Francisco 49ers,Detroit Lions,Candlestick Park,SF,-7,27,19,
2012,Seattle Seahawks,Dallas Cowboys,CenturyLink Field,DAL,-3,27,7,
2012,St. Louis Rams,Washington Redskins,Edward Jones Dome,WAS,-3.5,31,28,
2012,Atlanta Falcons,Denver Broncos,Georgia Dome,ATL,-3,27,21,
2012,Carolina Panthers,New York Giants,Bank of America Stadium,CAR,-3,7,36,
2012,Arizona Cardinals,Philadelphia Eagles,University of Phoenix Stadium,PHI,-3,27,6,
2012,Baltimore Ravens,New England Patriots,M&T Bank Stadium,BAL,-3,31,30,
2012,Chicago Bears,St. Louis Rams,Soldier Field,CHI,-7,23,6,
2012,Cleveland Browns,Buffalo Bills,FirstEnergy Stadium,BUF,-3,14,24,
2012,Dallas Cowboys,Tampa Bay Buccaneers,Cowboys Stadium,DAL,-7,16,10,
2012,Denver Broncos,Houston Texans,Sports Authority Field at Mile High,HOU,-1.5,25,31,
2012,Indianapolis Colts,Jacksonville Jaguars,Lucas Oil Stadium,IND,-3,17,22,
2012,Miami Dolphins,New York Jets,Sun Life Stadium,NYJ,-3,20,23,
2012,Minnesota Vikings,San Francisco 49ers,Mall of America Field,SF,-7,24,13,
2012,New Orleans Saints,Kansas City Chiefs,Louisiana Superdome,NO,-8.5,24,27,
2012,Oakland Raiders,Pittsburgh Steelers,Oakland Coliseum,PIT,-4,34,31,
2012,San Diego Chargers,Atlanta Falcons,Qualcomm Stadium,LAC,-3,3,27,
2012,Tennessee Titans,Detroit Lions,Nissan Stadium,DET,-4,44,41,
2012,Washington Redskins,Cincinnati Bengals,FedEx Field,WAS,-3,31,38,
2012,Seattle Seahawks,Green Bay Packers,CenturyLink Field,GB,-3.5,14,12,
2012,Baltimore Ravens,Cleveland Browns,M&T Bank Stadium,BAL,-11.5,23,16,
2012,Arizona Cardinals,Miami Dolphins,University of Phoenix Stadium,ARI,-4,24,21,
2012,Atlanta Falcons,Carolina Panthers,Georgia Dome,ATL,-7,30,28,
2012,Buffalo Bills,New England Patriots,Ralph Wilson Stadium,NE,-4.5,28,52,
2012,Denver Broncos,Oakland Raiders,Sports Authority Field at Mile High,DEN,-6.5,37,6,
2012,Detroit Lions,Minnesota Vikings,Ford Field,DET,-4,13,20,
2012,Green Bay Packers,New Orleans Saints,Lambeau Field,GB,-7.5,28,27,
2012,Houston Texans,Tennessee Titans,Reliant Stadium,HOU,-13.5,38,14,
2012,Jacksonville Jaguars,Cincinnati Bengals,EverBank Field,JAX,-1.5,10,27,
2012,Kansas City Chiefs,San Diego Chargers,Arrowhead Stadium,LAC,-2.5,20,37,
2012,New York Jets,San Francisco 49ers,MetLife Stadium,SF,-4,0,34,
2012,Philadelphia Eagles,New York Giants,Lincoln Financial Field,PHI,-1.5,19,17,
2012,St. Louis Rams,Seattle Seahawks,Edward Jones Dome,SEA,-2.5,19,13,
2012,Tampa Bay Buccaneers,Washington Redskins,Raymond James Stadium,TB,-2,22,24,
2012,Dallas Cowboys,Chicago Bears,Cowboys Stadium,DAL,-3,18,34,
2012,St. Louis Rams,Arizona Cardinals,Edward Jones Dome,ARI,-1.5,17,3,
2012,Carolina Panthers,Seattle Seahawks,Bank of America Stadium,CAR,-2,12,16,
2012,Cincinnati Bengals,Miami Dolphins,Paul Brown Stadium,CIN,-3,13,17,
2012,Indianapolis Colts,Green Bay Packers,Lucas Oil Stadium,GB,-6.5,30,27,
2012,Jacksonville Jaguars,Chicago Bears,EverBank Field,CHI,-6.5,3,41,
2012,Kansas City Chiefs,Baltimore Ravens,Arrowhead Stadium,BAL,-6.5,6,9,
2012,Minnesota Vikings,Tennessee Titans,Mall of America Field,MIN,-6,30,7,
2012,New England Patriots,Denver Broncos,Gillette Stadium,NE,-6,31,21,
2012,New Orleans Saints,San Diego Chargers,Louisiana Superdome,NO,-3.5,31,24,
2012,New York Giants,Cleveland Browns,MetLife Stadium,NYG,-8,41,27,
2012,Pittsburgh Steelers,Philadelphia Eagles,Heinz Field,PIT,-4,16,14,
2012,San Francisco 49ers,Buffalo Bills,Candlestick Park,SF,-10,45,3,
2012,Washington Redskins,Atlanta Falcons,FedEx Field,ATL,-3,17,24,
2012,New York Jets,Houston Texans,MetLife Stadium,HOU,-10,17,23,
2012,Tennessee Titans,Pittsburgh Steelers,Nissan Stadium,PIT,-6.5,26,23,
2012,Arizona Cardinals,Buffalo Bills,University of Phoenix Stadium,ARI,-5,16,19,
2012,Atlanta Falcons,Oakland Raiders,Georgia Dome,ATL,-10,23,20,
2012,Baltimore Ravens,Dallas Cowboys,M&T Bank Stadium,BAL,-3,31,29,
2012,Cleveland Browns,Cincinnati Bengals,FirstEnergy Stadium,CIN,-2,34,24,
2012,Houston Texans,Green Bay Packers,Reliant Stadium,HOU,-4,24,42,
2012,Miami Dolphins,St. Louis Rams,Sun Life Stadium,MIA,-5,17,14,
2012,New York Jets,Indianapolis Colts,MetLife Stadium,NYJ,-3,35,9,
2012,Philadelphia Eagles,Detroit Lions,Lincoln Financial Field,PHI,-3.5,23,26,
2012,San Francisco 49ers,New York Giants,Candlestick Park,SF,-7,3,26,
2012,Seattle Seahawks,New England Patriots,CenturyLink Field,NE,-4,24,23,
2012,Tampa Bay Buccaneers,Kansas City Chiefs,Raymond James Stadium,TB,-5,38,10,
2012,Washington Redskins,Minnesota Vikings,FedEx Field,MIN,-2,38,26,
2012,San Diego Chargers,Denver Broncos,Qualcomm Stadium,PICK,0,24,35,
2012,San Francisco 49ers,Seattle Seahawks,Candlestick Park,SF,-7.5,13,6,
2012,Buffalo Bills,Tennessee Titans,Ralph Wilson Stadium,BUF,-4.5,34,35,
2012,Carolina Panthers,Dallas Cowboys,Bank of America Stadium,DAL,-2.5,14,19,
2012,Cincinnati Bengals,Pittsburgh Steelers,Paul Brown Stadium,CIN,-1,17,24,
2012,Houston Texans,Baltimore Ravens,Reliant Stadium,HOU,-6.5,43,13,
2012,Indianapolis Colts,Cleveland Browns,Lucas Oil Stadium,IND,-1,17,13,
2012,Minnesota Vikings,Arizona Cardinals,Mall of America Field,MIN,-6.5,21,14,
2012,New England Patriots,New York Jets,Gillette Stadium,NE,-10.5,29,26,
2012,New York Giants,Washington Redskins,MetLife Stadium,NYG,-6.5,27,23,
2012,Oakland Raiders,Jacksonville Jaguars,Oakland Coliseum,OAK,-6,26,23,
2012,St. Louis Rams,Green Bay Packers,Edward Jones Dome,GB,-5,20,30,
2012,Tampa Bay Buccaneers,New Orleans Saints,Raymond James Stadium,NO,-1.5,28,35,
2012,Chicago Bears,Detroit Lions,Soldier Field,CHI,-6.5,13,7,
2012,Minnesota Vikings,Tampa Bay Buccaneers,Mall of America Field,MIN,-5.5,17,36,
2012,Chicago Bears,Carolina Panthers,Soldier Field,CHI,-7.5,23,22,
2012,Cleveland Browns,San Diego Chargers,FirstEnergy Stadium,LAC,-3,7,6,
2012,Dallas Cowboys,New York Giants,Cowboys Stadium,NYG,-2.5,24,29,
2012,Denver Broncos,New Orleans Saints,Sports Authority Field at Mile High,DEN,-6.5,34,14,
2012,Detroit Lions,Seattle Seahawks,Ford Field,DET,-3,28,24,
2012,Green Bay Packers,Jacksonville Jaguars,Lambeau Field,GB,-16,24,15,
2012,Kansas City Chiefs,Oakland Raiders,Arrowhead Stadium,KC,-1,16,26,
2012,New York Jets,Miami Dolphins,MetLife Stadium,NYJ,-1,9,30,
2012,Philadelphia Eagles,Atlanta Falcons,Lincoln Financial Field,PHI,-3,17,30,
2012,Pittsburgh Steelers,Washington Redskins,Heinz Field,PIT,-4.5,27,12,
2012,St. Louis Rams,New England Patriots,Wembley Stadium,NE,-7,7,45,
2012,Tennessee Titans,Indianapolis Colts,Nissan Stadium,TEN,-3,13,19,
2012,Arizona Cardinals,San Francisco 49ers,University of Phoenix Stadium,SF,-7,3,24,
2012,San Diego Chargers,Kansas City Chiefs,Qualcomm Stadium,LAC,-7,31,13,
2012,Atlanta Falcons,Dallas Cowboys,Georgia Dome,ATL,-4.5,19,13,
2012,Cincinnati Bengals,Denver Broncos,Paul Brown Stadium,DEN,-5.5,23,31,
2012,Cleveland Browns,Baltimore Ravens,FirstEnergy Stadium,BAL,-3.5,15,25,
2012,Green Bay Packers,Arizona Cardinals,Lambeau Field,GB,-10.5,31,17,
2012,Houston Texans,Buffalo Bills,Reliant Stadium,HOU,-11.5,21,9,
2012,Indianapolis Colts,Miami Dolphins,Lucas Oil Stadium,MIA,-2,23,20,
2012,Jacksonville Jaguars,Detroit Lions,EverBank Field,DET,-6,14,31,
2012,New York Giants,Pittsburgh Steelers,MetLife Stadium,NYG,-3.5,20,24,
2012,Oakland Raiders,Tampa Bay Buccaneers,Oakland Coliseum,OAK,-1,32,42,
2012,Seattle Seahawks,Minnesota Vikings,CenturyLink Field,SEA,-4,30,20,
2012,Tennessee Titans,Chicago Bears,Nissan Stadium,CHI,-5,20,51,
2012,Washington Redskins,Carolina Panthers,FedEx Field,WAS,-3,13,21,
2012,New Orleans Saints,Philadelphia Eagles,Louisiana Superdome,NO,-3,28,13,
2012,Jacksonville Jaguars,Indianapolis Colts,EverBank Field,IND,-3.5,10,27,
2012,Baltimore Ravens,Oakland Raiders,M&T Bank Stadium,BAL,-7.5,55,20,
2012,Carolina Panthers,Denver Broncos,Bank of America Stadium,DEN,-4,14,36,
2012,Chicago Bears,Houston Texans,Soldier Field,CHI,-1,6,13,
2012,Cincinnati Bengals,New York Giants,Paul Brown Stadium,NYG,-4.5,31,13,
2012,Miami Dolphins,Tennessee Titans,Sun Life Stadium,MIA,-7,3,37,
2012,Minnesota Vikings,Detroit Lions,Mall of America Field,DET,-3,34,24,
2012,New England Patriots,Buffalo Bills,Gillette Stadium,NE,-13.5,37,31,
2012,New Orleans Saints,Atlanta Falcons,Louisiana Superdome,ATL,-1.5,31,27,
2012,Philadelphia Eagles,Dallas Cowboys,Lincoln Financial Field,DAL,-2.5,23,38,
2012,San Francisco 49ers,St. Louis Rams,Candlestick Park,SF,-13,24,24,
2012,Seattle Seahawks,New York Jets,CenturyLink Field,SEA,-5.5,28,7,
2012,Tampa Bay Buccaneers,San Diego Chargers,Raymond James Stadium,TB,-3,34,24,
2012,Pittsburgh Steelers,Kansas City Chiefs,Heinz Field,PIT,-13,16,13,
2012,Buffalo Bills,Miami Dolphins,Ralph Wilson Stadium,BUF,-2.5,19,14,
2012,Atlanta Falcons,Arizona Cardinals,Georgia Dome,ATL,-9.5,23,19,
2012,Carolina Panthers,Tampa Bay Buccaneers,Bank of America Stadium,TB,-1.5,21,27,
2012,Dallas Cowboys,Cleveland Browns,Cowboys Stadium,DAL,-7,23,20,
2012,Denver Broncos,San Diego Chargers,Sports Authority Field at Mile High,DEN,-7.5,30,23,
2012,Detroit Lions,Green Bay Packers,Ford Field,GB,-3,20,24,
2012,Houston Texans,Jacksonville Jaguars,Reliant Stadium,HOU,-15.5,43,37,
2012,Kansas City Chiefs,Cincinnati Bengals,Arrowhead Stadium,CIN,-3,6,28,
2012,New England Patriots,Indianapolis Colts,Gillette Stadium,NE,-10,59,24,
2012,Oakland Raiders,New Orleans Saints,Oakland Coliseum,NO,-6.5,17,38,
2012,Pittsburgh Steelers,Baltimore Ravens,Heinz Field,BAL,-3,10,13,
2012,St. Louis Rams,New York Jets,Edward Jones Dome,LAR,-3.5,13,27,
2012,Washington Redskins,Philadelphia Eagles,FedEx Field,WAS,-3.5,31,6,
2012,San Francisco 49ers,Chicago Bears,Candlestick Park,SF,-5,32,7,
2012,Dallas Cowboys,Washington Redskins,Cowboys Stadium,DAL,-3.5,31,38,
2012,Detroit Lions,Houston Texans,Ford Field,HOU,-4,31,34,
2012,New York Jets,New England Patriots,MetLife Stadium,NE,-7,19,49,
2012,Arizona Cardinals,St. Louis Rams,University of Phoenix Stadium,ARI,-1,17,31,
2012,Chicago Bears,Minnesota Vikings,Soldier Field,CHI,-6.5,28,10,
2012,Cincinnati Bengals,Oakland Raiders,Paul Brown Stadium,CIN,-8,34,10,
2012,Cleveland Browns,Pittsburgh Steelers,FirstEnergy Stadium,PIT,-2,20,14,
2012,Indianapolis Colts,Buffalo Bills,Lucas Oil Stadium,IND,-3,20,13,
2012,Jacksonville Jaguars,Tennessee Titans,EverBank Field,TEN,-3.5,24,19,
2012,Kansas City Chiefs,Denver Broncos,Arrowhead Stadium,DEN,-10.5,9,17,
2012,Miami Dolphins,Seattle Seahawks,Sun Life Stadium,SEA,-3,24,21,
2012,New Orleans Saints,San Francisco 49ers,Louisiana Superdome,SF,-1.5,21,31,
2012,New York Giants,Green Bay Packers,MetLife Stadium,NYG,-2.5,38,10,
2012,San Diego Chargers,Baltimore Ravens,Qualcomm Stadium,BAL,-1,13,16,
2012,Tampa Bay Buccaneers,Atlanta Falcons,Raymond James Stadium,ATL,-1.5,23,24,
2012,Philadelphia Eagles,Carolina Panthers,Lincoln Financial Field,CAR,-3,22,30,
2012,Atlanta Falcons,New Orleans Saints,Georgia Dome,ATL,-3.5,23,13,
2012,Baltimore Ravens,Pittsburgh Steelers,M&T Bank Stadium,BAL,-7.5,20,23,
2012,Buffalo Bills,Jacksonville Jaguars,Ralph Wilson Stadium,BUF,-6,34,18,
2012,Chicago Bears,Seattle Seahawks,Soldier Field,CHI,-3.5,17,23,
2012,Dallas Cowboys,Philadelphia Eagles,Cowboys Stadium,DAL,-10.5,38,33,
2012,Denver Broncos,Tampa Bay Buccaneers,Sports Authority Field at Mile High,DEN,-7.5,31,23,
2012,Detroit Lions,Indianapolis Colts,Ford Field,DET,-7,33,35,
2012,Green Bay Packers,Minnesota Vikings,Lambeau Field,GB,-7.5,23,14,
2012,Kansas City Chiefs,Carolina Panthers,Arrowhead Stadium,CAR,-6,27,21,
2012,Miami Dolphins,New England Patriots,Sun Life Stadium,NE,-9,16,23,
2012,New York Jets,Arizona Cardinals,MetLife Stadium,NYJ,-6,7,6,
2012,Oakland Raiders,Cleveland Browns,Oakland Coliseum,CLE,-2.5,17,20,
2012,San Diego Chargers,Cincinnati Bengals,Qualcomm Stadium,CIN,-2.5,13,20,
2012,St. Louis Rams,San Francisco 49ers,Edward Jones Dome,SF,-8,16,13,
2012,Tennessee Titans,Houston Texans,Nissan Stadium,HOU,-7,10,24,
2012,Washington Redskins,New York Giants,FedEx Field,NYG,-3,17,16,
2012,Oakland Raiders,Denver Broncos,Oakland Coliseum,DEN,-10.5,13,26,
2012,Buffalo Bills,St. Louis Rams,Ralph Wilson Stadium,BUF,-3,12,15,
2012,Carolina Panthers,Atlanta Falcons,Bank of America Stadium,ATL,-3.5,30,20,
2012,Cincinnati Bengals,Dallas Cowboys,Paul Brown Stadium,CIN,-3.5,19,20,
2012,Cleveland Browns,Kansas City Chiefs,FirstEnergy Stadium,CLE,-7,30,7,
2012,Green Bay Packers,Detroit Lions,Lambeau Field,GB,-6.5,27,20,
2012,Indianapolis Colts,Tennessee Titans,Lucas Oil Stadium,IND,-4,27,23,
2012,Jacksonville Jaguars,New York Jets,EverBank Field,NYJ,-3,10,17,
2012,Minnesota Vikings,Chicago Bears,Mall of America Field,CHI,-1.5,21,14,
2012,New York Giants,New Orleans Saints,MetLife Stadium,NYG,-4.5,52,27,
2012,Pittsburgh Steelers,San Diego Chargers,Heinz Field,PIT,-7.5,24,34,
2012,San Francisco 49ers,Miami Dolphins,Candlestick Park,SF,-10.5,27,13,
2012,Seattle Seahawks,Arizona Cardinals,CenturyLink Field,SEA,-10,58,0,
2012,Tampa Bay Buccaneers,Philadelphia Eagles,Raymond James Stadium,TB,-7,21,23,
2012,Washington Redskins,Baltimore Ravens,FedEx Field,WAS,-1.5,31,28,
2012,New England Patriots,Houston Texans,Gillette Stadium,NE,-5.5,42,14,
2012,Philadelphia Eagles,Cincinnati Bengals,Lincoln Financial Field,CIN,-5,13,34,
2012,Arizona Cardinals,Detroit Lions,University of Phoenix Stadium,DET,-6.5,38,10,
2012,Atlanta Falcons,New York Giants,Georgia Dome,PICK,0,34,0,
2012,Baltimore Ravens,Denver Broncos,M&T Bank Stadium,DEN,-3,17,34,
2012,Buffalo Bills,Seattle Seahawks,Rogers Centre,SEA,-5,17,50,
2012,Chicago Bears,Green Bay Packers,Soldier Field,GB,-3,13,21,
2012,Cleveland Browns,Washington Redskins,FirstEnergy Stadium,CLE,-4,21,38,
2012,Dallas Cowboys,Pittsburgh Steelers,Cowboys Stadium,PIT,-2.5,27,24,
2012,Houston Texans,Indianapolis Colts,Reliant Stadium,HOU,-10.5,29,17,
2012,Miami Dolphins,Jacksonville Jaguars,Sun Life Stadium,MIA,-7.5,24,3,
2012,New England Patriots,San Francisco 49ers,Gillette Stadium,NE,-5,34,41,
2012,New Orleans Saints,Tampa Bay Buccaneers,Louisiana Superdome,NO,-3.5,41,0,
2012,Oakland Raiders,Kansas City Chiefs,Oakland Coliseum,OAK,-4.5,15,0,
2012,San Diego Chargers,Carolina Panthers,Qualcomm Stadium,LAC,-3,7,31,
2012,St. Louis Rams,Minnesota Vikings,Edward Jones Dome,LAR,-2.5,22,36,
2012,Tennessee Titans,New York Jets,Nissan Stadium,TEN,-1,14,10,
2012,Detroit Lions,Atlanta Falcons,Ford Field,ATL,-4,18,31,
2012,Arizona Cardinals,Chicago Bears,University of Phoenix Stadium,CHI,-7,13,28,
2012,Baltimore Ravens,New York Giants,M&T Bank Stadium,NYG,-2.5,33,14,
2012,Carolina Panthers,Oakland Raiders,Bank of America Stadium,CAR,-9.5,17,6,
2012,Dallas Cowboys,New Orleans Saints,Cowboys Stadium,DAL,-3,31,34,
2012,Denver Broncos,Cleveland Browns,Sports Authority Field at Mile High,DEN,-11,34,12,
2012,Green Bay Packers,Tennessee Titans,Lambeau Field,GB,-11,55,7,
2012,Houston Texans,Minnesota Vikings,Reliant Stadium,HOU,-7.5,6,23,
2012,Jacksonville Jaguars,New England Patriots,EverBank Field,NE,-14.5,16,23,
2012,Kansas City Chiefs,Indianapolis Colts,Arrowhead Stadium,IND,-6,13,20,
2012,Miami Dolphins,Buffalo Bills,Sun Life Stadium,MIA,-5,24,10,
2012,New York Jets,San Diego Chargers,MetLife Stadium,NYJ,-3,17,27,
2012,Philadelphia Eagles,Washington Redskins,Lincoln Financial Field,WAS,-6,20,27,
2012,Pittsburgh Steelers,Cincinnati Bengals,Heinz Field,PIT,-3.5,10,13,
2012,Seattle Seahawks,San Francisco 49ers,CenturyLink Field,SEA,-2,42,13,
2012,Tampa Bay Buccaneers,St. Louis Rams,Raymond James Stadium,TB,-3,13,28,
2012,Atlanta Falcons,Tampa Bay Buccaneers,Georgia Dome,ATL,-3,17,22,
2012,Buffalo Bills,New York Jets,Ralph Wilson Stadium,BUF,-3.5,28,9,
2012,Cincinnati Bengals,Baltimore Ravens,Paul Brown Stadium,CIN,-3,23,17,
2012,Denver Broncos,Kansas City Chiefs,Sports Authority Field at Mile High,DEN,-17,38,3,
2012,Detroit Lions,Chicago Bears,Ford Field,CHI,-3,24,26,
2012,Indianapolis Colts,Houston Texans,Lucas Oil Stadium,HOU,-6,28,16,
2012,Minnesota Vikings,Green Bay Packers,Mall of America Field,GB,-3,37,34,
2012,New England Patriots,Miami Dolphins,Gillette Stadium,NE,-10,28,0,
2012,New Orleans Saints,Carolina Panthers,Louisiana Superdome,NO,-4,38,44,
2012,New York Giants,Philadelphia Eagles,MetLife Stadium,NYG,-6.5,42,7,
2012,Pittsburgh Steelers,Cleveland Browns,Heinz Field,PIT,-9.5,24,10,
2012,San Diego Chargers,Oakland Raiders,Qualcomm Stadium,LAC,-8,24,21,
2012,San Francisco 49ers,Arizona Cardinals,Candlestick Park,SF,-16.5,27,13,
2012,Seattle Seahawks,St. Louis Rams,CenturyLink Field,SEA,-12,20,13,
2012,Tennessee Titans,Jacksonville Jaguars,Nissan Stadium,TEN,-5.5,38,20,
2012,Washington Redskins,Dallas Cowboys,FedEx Field,WAS,-3,28,18,
2012,Green Bay Packers,Minnesota Vikings,Lambeau Field,GB,-11,24,10,
2012,Houston Texans,Cincinnati Bengals,Reliant Stadium,HOU,-4,19,13,
2012,Baltimore Ravens,Indianapolis Colts,M&T Bank Stadium,BAL,-7,24,9,
2012,Washington Redskins,Seattle Seahawks,FedEx Field,SEA,-3,14,24,
2012,Denver Broncos,Baltimore Ravens,Sports Authority Field at Mile High,DEN,-9,35,38,
2012,San Francisco 49ers,Green Bay Packers,Candlestick Park,SF,-3,45,31,
2012,Atlanta Falcons,Seattle Seahawks,Georgia Dome,ATL,-3,30,28,
2012,New England Patriots,Houston Texans,Gillette Stadium,NE,-9.5,41,28,
2012,Atlanta Falcons,San Francisco 49ers,Georgia Dome,SF,-4.5,24,28,
2012,New England Patriots,Baltimore Ravens,Gillette Stadium,NE,-7.5,13,28,
2012,San Francisco 49ers,Baltimore Ravens,Mercedes-Benz Superdome,SF,-4.5,31,34,
2013,Denver Broncos,Baltimore Ravens,Sports Authority Field at Mile High,DEN,-7.5,49,27,
2013,Buffalo Bills,New England Patriots,Ralph Wilson Stadium,NE,-10.5,21,23,
2013,Carolina Panthers,Seattle Seahawks,Bank of America Stadium,SEA,-3.5,7,12,
2013,Chicago Bears,Cincinnati Bengals,Soldier Field,CHI,-3,24,21,
2013,Cleveland Browns,Miami Dolphins,FirstEnergy Stadium,CLE,-2.5,10,23,
2013,Dallas Cowboys,New York Giants,Cowboys Stadium,DAL,-3.5,36,31,
2013,Detroit Lions,Minnesota Vikings,Ford Field,DET,-4.5,34,24,
2013,Indianapolis Colts,Oakland Raiders,Lucas Oil Stadium,IND,-11.5,21,17,
2013,Jacksonville Jaguars,Kansas City Chiefs,EverBank Field,KC,-4.5,2,28,
2013,New Orleans Saints,Atlanta Falcons,Louisiana Superdome,NO,-3.5,23,17,
2013,New York Jets,Tampa Bay Buccaneers,MetLife Stadium,TB,-6,18,17,
2013,Pittsburgh Steelers,Tennessee Titans,Heinz Field,PIT,-6,9,16,
2013,San Francisco 49ers,Green Bay Packers,Candlestick Park,SF,-5,34,28,
2013,St. Louis Rams,Arizona Cardinals,Edward Jones Dome,LAR,-3.5,27,24,
2013,San Diego Chargers,Houston Texans,Qualcomm Stadium,HOU,-6.5,28,31,
2013,Washington Redskins,Philadelphia Eagles,FedEx Field,WAS,-4.5,27,33,
2013,New England Patriots,New York Jets,Gillette Stadium,NE,-11.5,13,10,
2013,Arizona Cardinals,Detroit Lions,University of Phoenix Stadium,DET,-2,25,21,
2013,Atlanta Falcons,St. Louis Rams,Georgia Dome,ATL,-5.5,31,24,
2013,Baltimore Ravens,Cleveland Browns,M&T Bank Stadium,BAL,-7,14,6,
2013,Buffalo Bills,Carolina Panthers,Ralph Wilson Stadium,CAR,-3.5,24,23,
2013,Chicago Bears,Minnesota Vikings,Soldier Field,CHI,-6.5,31,30,
2013,Green Bay Packers,Washington Redskins,Lambeau Field,GB,-8,38,20,
2013,Houston Texans,Tennessee Titans,Reliant Stadium,HOU,-9,30,24,
2013,Indianapolis Colts,Miami Dolphins,Lucas Oil Stadium,IND,-3,20,24,
2013,Kansas City Chiefs,Dallas Cowboys,Arrowhead Stadium,KC,-3,17,16,
2013,New York Giants,Denver Broncos,MetLife Stadium,DEN,-4,23,41,
2013,Oakland Raiders,Jacksonville Jaguars,Oakland Coliseum,OAK,-5,19,9,
2013,Philadelphia Eagles,San Diego Chargers,Lincoln Financial Field,PHI,-7.5,30,33,
2013,Seattle Seahawks,San Francisco 49ers,CenturyLink Field,SEA,-2.5,29,3,
2013,Tampa Bay Buccaneers,New Orleans Saints,Raymond James Stadium,NO,-4,14,16,
2013,Cincinnati Bengals,Pittsburgh Steelers,Paul Brown Stadium,CIN,-6.5,20,10,
2013,Philadelphia Eagles,Kansas City Chiefs,Lincoln Financial Field,PHI,-3.5,16,26,
2013,Baltimore Ravens,Houston Texans,M&T Bank Stadium,HOU,-1,30,9,
2013,Carolina Panthers,New York Giants,Bank of America Stadium,NYG,-3,38,0,
2013,Cincinnati Bengals,Green Bay Packers,Paul Brown Stadium,GB,-3,34,30,
2013,Dallas Cowboys,St. Louis Rams,Cowboys Stadium,DAL,-3.5,31,7,
2013,Miami Dolphins,Atlanta Falcons,Sun Life Stadium,MIA,-2.5,27,23,
2013,Minnesota Vikings,Cleveland Browns,Mall of America Field,MIN,-7,27,31,
2013,New England Patriots,Tampa Bay Buccaneers,Gillette Stadium,NE,-7.5,23,3,
2013,New Orleans Saints,Arizona Cardinals,Louisiana Superdome,NO,-7.5,31,7,
2013,New York Jets,Buffalo Bills,MetLife Stadium,NYJ,-2.5,27,20,
2013,Pittsburgh Steelers,Chicago Bears,Heinz Field,CHI,-2.5,23,40,
2013,San Francisco 49ers,Indianapolis Colts,Candlestick Park,SF,-10,7,27,
2013,Seattle Seahawks,Jacksonville Jaguars,CenturyLink Field,SEA,-20,45,17,
2013,Tennessee Titans,San Diego Chargers,Nissan Stadium,TEN,-3,20,17,
2013,Washington Redskins,Detroit Lions,FedEx Field,DET,-1,20,27,
2013,Denver Broncos,Oakland Raiders,Sports Authority Field at Mile High,DEN,-16.5,37,21,
2013,St. Louis Rams,San Francisco 49ers,Edward Jones Dome,SF,-4,11,35,
2013,Atlanta Falcons,New England Patriots,Georgia Dome,ATL,-3,23,30,
2013,Buffalo Bills,Baltimore Ravens,Ralph Wilson Stadium,BAL,-4,23,20,
2013,Cleveland Browns,Cincinnati Bengals,FirstEnergy Stadium,CIN,-4.5,17,6,
2013,Denver Broncos,Philadelphia Eagles,Sports Authority Field at Mile High,DEN,-11.5,52,20,
2013,Detroit Lions,Chicago Bears,Ford Field,DET,-2.5,40,32,
2013,Houston Texans,Seattle Seahawks,Reliant Stadium,SEA,-2,20,23,
2013,Jacksonville Jaguars,Indianapolis Colts,EverBank Field,IND,-9.5,3,37,
2013,Kansas City Chiefs,New York Giants,Arrowhead Stadium,KC,-4.5,31,7,
2013,Minnesota Vikings,Pittsburgh Steelers,Wembley Stadium,PIT,-3,34,27,
2013,Oakland Raiders,Washington Redskins,Oakland Coliseum,WAS,-4,14,24,
2013,San Diego Chargers,Dallas Cowboys,Qualcomm Stadium,DAL,-1.5,30,21,
2013,Tampa Bay Buccaneers,Arizona Cardinals,Raymond James Stadium,TB,-2.5,10,13,
2013,Tennessee Titans,New York Jets,Nissan Stadium,TEN,-3.5,38,13,
2013,New Orleans Saints,Miami Dolphins,Louisiana Superdome,NO,-7.5,38,17,
2013,Cleveland Browns,Buffalo Bills,FirstEnergy Stadium,CLE,-4,37,24,
2013,Arizona Cardinals,Carolina Panthers,University of Phoenix Stadium,CAR,-3,22,6,
2013,Chicago Bears,New Orleans Saints,Soldier Field,NO,-1.5,18,26,
2013,Cincinnati Bengals,New England Patriots,Paul Brown Stadium,NE,-1,13,6,
2013,Dallas Cowboys,Denver Broncos,Cowboys Stadium,DEN,-9,48,51,
2013,Green Bay Packers,Detroit Lions,Lambeau Field,GB,-9.5,22,9,
2013,Indianapolis Colts,Seattle Seahawks,Lucas Oil Stadium,SEA,-3,34,28,
2013,Miami Dolphins,Baltimore Ravens,Sun Life Stadium,MIA,-2.5,23,26,
2013,New York Giants,Philadelphia Eagles,MetLife Stadium,NYG,-1.5,21,36,
2013,Oakland Raiders,San Diego Chargers,Oakland Coliseum,LAC,-5,27,17,
2013,San Francisco 49ers,Houston Texans,Candlestick Park,SF,-4.5,34,3,
2013,St. Louis Rams,Jacksonville Jaguars,Edward Jones Dome,LAR,-11,34,20,
2013,Tennessee Titans,Kansas City Chiefs,Nissan Stadium,KC,-3,17,26,
2013,Atlanta Falcons,New York Jets,Georgia Dome,ATL,-10.5,28,30,
2013,Chicago Bears,New York Giants,Soldier Field,CHI,-8.5,27,21,
2013,Baltimore Ravens,Green Bay Packers,M&T Bank Stadium,GB,-2,17,19,
2013,Buffalo Bills,Cincinnati Bengals,Ralph Wilson Stadium,CIN,-6,24,27,
2013,Cleveland Browns,Detroit Lions,FirstEnergy Stadium,DET,-2.5,17,31,
2013,Dallas Cowboys,Washington Redskins,Cowboys Stadium,DAL,-5.5,31,16,
2013,Denver Broncos,Jacksonville Jaguars,Sports Authority Field at Mile High,DEN,-26.5,35,19,
2013,Houston Texans,St. Louis Rams,Reliant Stadium,HOU,-9,13,38,
2013,Kansas City Chiefs,Oakland Raiders,Arrowhead Stadium,KC,-7.5,24,7,
2013,Minnesota Vikings,Carolina Panthers,Mall of America Field,MIN,-2.5,10,35,
2013,New England Patriots,New Orleans Saints,Gillette Stadium,NE,-2.5,30,27,
2013,New York Jets,Pittsburgh Steelers,MetLife Stadium,PIT,-1.5,6,19,
2013,San Francisco 49ers,Arizona Cardinals,Candlestick Park,SF,-10.5,32,20,
2013,Seattle Seahawks,Tennessee Titans,CenturyLink Field,SEA,-11.5,20,13,
2013,Tampa Bay Buccaneers,Philadelphia Eagles,Raymond James Stadium,PHI,-3,20,31,
2013,San Diego Chargers,Indianapolis Colts,Qualcomm Stadium,PICK,0,19,9,
2013,Arizona Cardinals,Seattle Seahawks,University of Phoenix Stadium,SEA,-4.5,22,34,
2013,Atlanta Falcons,Tampa Bay Buccaneers,Georgia Dome,ATL,-6.5,31,23,
2013,Carolina Panthers,St. Louis Rams,Bank of America Stadium,CAR,-7,30,15,
2013,Detroit Lions,Cincinnati Bengals,Ford Field,DET,-1.5,24,27,
2013,Green Bay Packers,Cleveland Browns,Lambeau Field,GB,-9.5,31,13,
2013,Indianapolis Colts,Denver Broncos,Lucas Oil Stadium,DEN,-6,39,33,
2013,Jacksonville Jaguars,San Diego Chargers,EverBank Field,LAC,-7,6,24,
2013,Kansas City Chiefs,Houston Texans,Arrowhead Stadium,KC,-6,17,16,
2013,Miami Dolphins,Buffalo Bills,Sun Life Stadium,MIA,-6.5,21,23,
2013,New York Jets,New England Patriots,MetLife Stadium,NE,-3,30,27,
2013,Philadelphia Eagles,Dallas Cowboys,Lincoln Financial Field,PHI,-2.5,3,17,
2013,Pittsburgh Steelers,Baltimore Ravens,Heinz Field,PIT,-2.5,19,16,
2013,Tennessee Titans,San Francisco 49ers,Nissan Stadium,SF,-3,17,31,
2013,Washington Redskins,Chicago Bears,FedEx Field,CHI,-1,45,41,
2013,New York Giants,Minnesota Vikings,MetLife Stadium,NYG,-3.5,23,7,
2013,Tampa Bay Buccaneers,Carolina Panthers,Raymond James Stadium,CAR,-6.5,13,31,
2013,Arizona Cardinals,Atlanta Falcons,University of Phoenix Stadium,ARI,-3,27,13,
2013,Cincinnati Bengals,New York Jets,Paul Brown Stadium,CIN,-4.5,49,9,
2013,Denver Broncos,Washington Redskins,Sports Authority Field at Mile High,DEN,-11,45,21,
2013,Detroit Lions,Dallas Cowboys,Ford Field,DET,-3,31,30,
2013,Jacksonville Jaguars,San Francisco 49ers,Wembley Stadium,SF,-14.5,10,42,
2013,Kansas City Chiefs,Cleveland Browns,Arrowhead Stadium,KC,-7,23,17,
2013,Minnesota Vikings,Green Bay Packers,Mall of America Field,GB,-7.5,31,44,
2013,New England Patriots,Miami Dolphins,Gillette Stadium,NE,-5.5,27,17,
2013,New Orleans Saints,Buffalo Bills,Louisiana Superdome,NO,-10.5,35,17,
2013,Oakland Raiders,Pittsburgh Steelers,Oakland Coliseum,PIT,-2.5,21,18,
2013,Philadelphia Eagles,New York Giants,Lincoln Financial Field,PHI,-5.5,7,15,
2013,St. Louis Rams,Seattle Seahawks,Edward Jones Dome,SEA,-13,9,14,
2013,Miami Dolphins,Cincinnati Bengals,Sun Life Stadium,CIN,-3,22,20,
2013,Buffalo Bills,Kansas City Chiefs,Ralph Wilson Stadium,KC,-4.5,13,23,
2013,Carolina Panthers,Atlanta Falcons,Bank of America Stadium,CAR,-8,34,10,
2013,Cleveland Browns,Baltimore Ravens,FirstEnergy Stadium,BAL,-1,24,18,
2013,Dallas Cowboys,Minnesota Vikings,Cowboys Stadium,DAL,-8.5,27,23,
2013,Houston Texans,Indianapolis Colts,Reliant Stadium,IND,-1,24,27,
2013,New England Patriots,Pittsburgh Steelers,Gillette Stadium,NE,-5.5,55,31,
2013,New York Jets,New Orleans Saints,MetLife Stadium,NO,-5.5,26,20,
2013,Oakland Raiders,Philadelphia Eagles,Oakland Coliseum,OAK,-1,20,49,
2013,Seattle Seahawks,Tampa Bay Buccaneers,CenturyLink Field,SEA,-14.5,27,24,
2013,St. Louis Rams,Tennessee Titans,Edward Jones Dome,TEN,-3,21,28,
2013,Washington Redskins,San Diego Chargers,FedEx Field,PICK,0,30,24,
2013,Green Bay Packers,Chicago Bears,Lambeau Field,GB,-9.5,20,27,
2013,Minnesota Vikings,Washington Redskins,Mall of America Field,WAS,-1,34,27,
2013,Arizona Cardinals,Houston Texans,University of Phoenix Stadium,ARI,-3.5,27,24,
2013,Atlanta Falcons,Seattle Seahawks,Georgia Dome,SEA,-3,10,33,
2013,Baltimore Ravens,Cincinnati Bengals,M&T Bank Stadium,BAL,-2,20,17,
2013,Chicago Bears,Detroit Lions,Soldier Field,DET,-1.5,19,21,
2013,Green Bay Packers,Philadelphia Eagles,Lambeau Field,PHI,-1,13,27,
2013,Indianapolis Colts,St. Louis Rams,Lucas Oil Stadium,IND,-7,8,38,
2013,New Orleans Saints,Dallas Cowboys,Louisiana Superdome,NO,-5.5,49,17,
2013,New York Giants,Oakland Raiders,MetLife Stadium,NYG,-7,24,20,
2013,Pittsburgh Steelers,Buffalo Bills,Heinz Field,PIT,-2.5,23,10,
2013,San Diego Chargers,Denver Broncos,Qualcomm Stadium,DEN,-7,20,28,
2013,San Francisco 49ers,Carolina Panthers,Candlestick Park,SF,-5.5,9,10,
2013,Tennessee Titans,Jacksonville Jaguars,Nissan Stadium,TEN,-11.5,27,29,
2013,Tampa Bay Buccaneers,Miami Dolphins,Raymond James Stadium,MIA,-2.5,22,19,
2013,Tennessee Titans,Indianapolis Colts,Nissan Stadium,IND,-3,27,30,
2013,Buffalo Bills,New York Jets,Ralph Wilson Stadium,NYJ,-2,37,14,
2013,Chicago Bears,Baltimore Ravens,Soldier Field,CHI,-3.5,23,20,
2013,Cincinnati Bengals,Cleveland Browns,Paul Brown Stadium,CIN,-4.5,41,20,
2013,Denver Broncos,Kansas City Chiefs,Sports Authority Field at Mile High,DEN,-7.5,27,17,
2013,Houston Texans,Oakland Raiders,Reliant Stadium,HOU,-10.5,23,28,
2013,Jacksonville Jaguars,Arizona Cardinals,EverBank Field,ARI,-9,14,27,
2013,Miami Dolphins,San Diego Chargers,Sun Life Stadium,LAC,-3,20,16,
2013,New Orleans Saints,San Francisco 49ers,Louisiana Superdome,NO,-3.5,23,20,
2013,New York Giants,Green Bay Packers,MetLife Stadium,NYG,-3,27,13,
2013,Philadelphia Eagles,Washington Redskins,Lincoln Financial Field,PHI,-4,24,16,
2013,Pittsburgh Steelers,Detroit Lions,Heinz Field,DET,-3,37,27,
2013,Seattle Seahawks,Minnesota Vikings,CenturyLink Field,SEA,-13,41,20,
2013,Tampa Bay Buccaneers,Atlanta Falcons,Raymond James Stadium,TB,-2,41,28,
2013,Carolina Panthers,New England Patriots,Bank of America Stadium,CAR,-3,24,20,
2013,Atlanta Falcons,New Orleans Saints,Georgia Dome,NO,-7,13,17,
2013,Arizona Cardinals,Indianapolis Colts,University of Phoenix Stadium,ARI,-3,40,11,
2013,Baltimore Ravens,New York Jets,M&T Bank Stadium,BAL,-3.5,19,3,
2013,Cleveland Browns,Pittsburgh Steelers,FirstEnergy Stadium,CLE,-2,11,27,
2013,Detroit Lions,Tampa Bay Buccaneers,Ford Field,DET,-7,21,24,
2013,Green Bay Packers,Minnesota Vikings,Lambeau Field,GB,-5.5,26,26,
2013,Houston Texans,Jacksonville Jaguars,Reliant Stadium,HOU,-10,6,13,
2013,Kansas City Chiefs,San Diego Chargers,Arrowhead Stadium,KC,-3,38,41,
2013,Miami Dolphins,Carolina Panthers,Sun Life Stadium,CAR,-4,16,20,
2013,New England Patriots,Denver Broncos,Gillette Stadium,DEN,-2.5,34,31,
2013,New York Giants,Dallas Cowboys,MetLife Stadium,NYG,-2.5,21,24,
2013,Oakland Raiders,Tennessee Titans,Oakland Coliseum,TEN,-2,19,23,
2013,St. Louis Rams,Chicago Bears,Edward Jones Dome,LAR,-1.5,42,21,
2013,Washington Redskins,San Francisco 49ers,FedEx Field,SF,-5,6,27,
2013,Baltimore Ravens,Pittsburgh Steelers,M&T Bank Stadium,BAL,-3,22,20,
2013,Dallas Cowboys,Oakland Raiders,Cowboys Stadium,DAL,-8,31,24,
2013,Detroit Lions,Green Bay Packers,Ford Field,DET,-6,40,10,
2013,Buffalo Bills,Atlanta Falcons,Rogers Centre,BUF,-4.5,31,34,
2013,Carolina Panthers,Tampa Bay Buccaneers,Bank of America Stadium,CAR,-6.5,27,6,
2013,Cleveland Browns,Jacksonville Jaguars,FirstEnergy Stadium,CLE,-7.5,28,32,
2013,Houston Texans,New England Patriots,Reliant Stadium,NE,-6.5,31,34,
2013,Indianapolis Colts,Tennessee Titans,Lucas Oil Stadium,IND,-3.5,22,14,
2013,Kansas City Chiefs,Denver Broncos,Arrowhead Stadium,DEN,-6,28,35,
2013,Minnesota Vikings,Chicago Bears,Mall of America Field,MIN,-1,23,20,
2013,New York Jets,Miami Dolphins,MetLife Stadium,NYJ,-2,3,23,
2013,Philadelphia Eagles,Arizona Cardinals,Lincoln Financial Field,PHI,-3.5,24,21,
2013,San Diego Chargers,Cincinnati Bengals,Qualcomm Stadium,CIN,-1.5,10,17,
2013,San Francisco 49ers,St. Louis Rams,Candlestick Park,SF,-7.5,23,13,
2013,Washington Redskins,New York Giants,FedEx Field,WAS,-1,17,24,
2013,Seattle Seahawks,New Orleans Saints,CenturyLink Field,SEA,-5,34,7,
2013,Jacksonville Jaguars,Houston Texans,EverBank Field,HOU,-3.5,27,20,
2013,Arizona Cardinals,St. Louis Rams,University of Phoenix Stadium,ARI,-4.5,30,10,
2013,Baltimore Ravens,Minnesota Vikings,M&T Bank Stadium,BAL,-6,29,26,
2013,Cincinnati Bengals,Indianapolis Colts,Paul Brown Stadium,CIN,-7,42,28,
2013,Denver Broncos,Tennessee Titans,Sports Authority Field at Mile High,DEN,-13.5,51,28,
2013,Green Bay Packers,Atlanta Falcons,Lambeau Field,GB,-3.5,22,21,
2013,New England Patriots,Cleveland Browns,Gillette Stadium,NE,-9.5,27,26,
2013,New Orleans Saints,Carolina Panthers,Louisiana Superdome,NO,-3,31,13,
2013,New York Jets,Oakland Raiders,MetLife Stadium,NYJ,-3,37,27,
2013,Philadelphia Eagles,Detroit Lions,Lincoln Financial Field,PHI,-2,34,20,
2013,Pittsburgh Steelers,Miami Dolphins,Heinz Field,PIT,-3,28,34,
2013,San Diego Chargers,New York Giants,Qualcomm Stadium,LAC,-4,37,14,
2013,San Francisco 49ers,Seattle Seahawks,Candlestick Park,SF,-2,19,17,
2013,Tampa Bay Buccaneers,Buffalo Bills,Raymond James Stadium,TB,-2.5,27,6,
2013,Washington Redskins,Kansas City Chiefs,FedEx Field,KC,-3,10,45,
2013,Chicago Bears,Dallas Cowboys,Soldier Field,CHI,-1.5,45,28,
2013,Denver Broncos,San Diego Chargers,Sports Authority Field at Mile High,DEN,-9.5,20,27,
2013,Atlanta Falcons,Washington Redskins,Georgia Dome,ATL,-5.5,27,26,
2013,Carolina Panthers,New York Jets,Bank of America Stadium,CAR,-10,30,20,
2013,Cleveland Browns,Chicago Bears,FirstEnergy Stadium,CLE,-1,31,38,
2013,Dallas Cowboys,Green Bay Packers,Cowboys Stadium,DAL,-4,36,37,
2013,Indianapolis Colts,Houston Texans,Lucas Oil Stadium,IND,-6,25,3,
2013,Jacksonville Jaguars,Buffalo Bills,EverBank Field,BUF,-4,20,27,
2013,Miami Dolphins,New England Patriots,Sun Life Stadium,MIA,-2.5,24,20,
2013,Minnesota Vikings,Philadelphia Eagles,Mall of America Field,PHI,-7,48,30,
2013,New York Giants,Seattle Seahawks,MetLife Stadium,SEA,-9.5,0,23,
2013,Oakland Raiders,Kansas City Chiefs,Oakland Coliseum,KC,-6,31,56,
2013,Pittsburgh Steelers,Cincinnati Bengals,Heinz Field,CIN,-1.5,30,20,
2013,St. Louis Rams,New Orleans Saints,Edward Jones Dome,NO,-7,27,16,
2013,Tampa Bay Buccaneers,San Francisco 49ers,Raymond James Stadium,SF,-4.5,14,33,
2013,Tennessee Titans,Arizona Cardinals,Nissan Stadium,ARI,-3,34,37,
2013,Detroit Lions,Baltimore Ravens,Ford Field,DET,-5.5,16,18,
2013,Baltimore Ravens,New England Patriots,M&T Bank Stadium,BAL,-1.5,7,41,
2013,Buffalo Bills,Miami Dolphins,Ralph Wilson Stadium,MIA,-1.5,19,0,
2013,Carolina Panthers,New Orleans Saints,Bank of America Stadium,CAR,-3,17,13,
2013,Cincinnati Bengals,Minnesota Vikings,Paul Brown Stadium,CIN,-7.5,42,14,
2013,Detroit Lions,New York Giants,Ford Field,DET,-9,20,23,
2013,Green Bay Packers,Pittsburgh Steelers,Lambeau Field,GB,-2,31,38,
2013,Houston Texans,Denver Broncos,Reliant Stadium,DEN,-9.5,13,37,
2013,Jacksonville Jaguars,Tennessee Titans,EverBank Field,TEN,-4,16,20,
2013,Kansas City Chiefs,Indianapolis Colts,Arrowhead Stadium,KC,-7,7,23,
2013,New York Jets,Cleveland Browns,MetLife Stadium,NYJ,-1.5,24,13,
2013,Philadelphia Eagles,Chicago Bears,Lincoln Financial Field,PHI,-3,54,11,
2013,San Diego Chargers,Oakland Raiders,Qualcomm Stadium,LAC,-9,26,13,
2013,Seattle Seahawks,Arizona Cardinals,CenturyLink Field,SEA,-9,10,17,
2013,St. Louis Rams,Tampa Bay Buccaneers,Edward Jones Dome,LAR,-3.5,23,13,
2013,Washington Redskins,Dallas Cowboys,FedEx Field,DAL,-2.5,23,24,
2013,San Francisco 49ers,Atlanta Falcons,Candlestick Park,SF,-14.5,34,24,
2013,Arizona Cardinals,San Francisco 49ers,University of Phoenix Stadium,ARI,-3,20,23,
2013,Atlanta Falcons,Carolina Panthers,Georgia Dome,CAR,-5.5,20,21,
2013,Chicago Bears,Green Bay Packers,Soldier Field,GB,-3,28,33,
2013,Cincinnati Bengals,Baltimore Ravens,Paul Brown Stadium,CIN,-7,34,17,
2013,Dallas Cowboys,Philadelphia Eagles,Cowboys Stadium,PHI,-7,22,24,
2013,Indianapolis Colts,Jacksonville Jaguars,Lucas Oil Stadium,IND,-11.5,30,10,
2013,Miami Dolphins,New York Jets,Sun Life Stadium,MIA,-7,7,20,
2013,Minnesota Vikings,Detroit Lions,Mall of America Field,DET,-2.5,14,13,
2013,New England Patriots,Buffalo Bills,Gillette Stadium,NE,-7,34,20,
2013,New Orleans Saints,Tampa Bay Buccaneers,Louisiana Superdome,NO,-10.5,42,17,
2013,New York Giants,Washington Redskins,MetLife Stadium,NYG,-3.5,20,6,
2013,Oakland Raiders,Denver Broncos,Oakland Coliseum,DEN,-10,14,34,
2013,Pittsburgh Steelers,Cleveland Browns,Heinz Field,PIT,-9.5,20,7,
2013,San Diego Chargers,Kansas City Chiefs,Qualcomm Stadium,LAC,-14.5,27,24,
2013,Seattle Seahawks,St. Louis Rams,CenturyLink Field,SEA,-12.5,27,9,
2013,Tennessee Titans,Houston Texans,Nissan Stadium,TEN,-6.5,16,10,
2013,Indianapolis Colts,Kansas City Chiefs,Lucas Oil Stadium,KC,-2.5,45,44,
2013,Philadelphia Eagles,New Orleans Saints,Lincoln Financial Field,PHI,-3,24,26,
2013,Cincinnati Bengals,San Diego Chargers,Paul Brown Stadium,CIN,-6,10,27,
2013,Green Bay Packers,San Francisco 49ers,Lambeau Field,SF,-3,20,23,
2013,New England Patriots,Indianapolis Colts,Gillette Stadium,NE,-7,43,22,
2013,Seattle Seahawks,New Orleans Saints,CenturyLink Field,SEA,-9,23,15,
2013,Carolina Panthers,San Francisco 49ers,Bank of America Stadium,SF,-1,10,23,
2013,Denver Broncos,San Diego Chargers,Sports Authority Field at Mile High,DEN,-7.5,24,17,
2013,Denver Broncos,New England Patriots,Sports Authority Field at Mile High,DEN,-5,26,16,
2013,Seattle Seahawks,San Francisco 49ers,CenturyLink Field,SEA,-4,23,17,
2013,Denver Broncos,Seattle Seahawks,MetLife Stadium,DEN,-2,8,43,
2014,Seattle Seahawks,Green Bay Packers,CenturyLink Field,SEA,-4.5,36,16,
2014,Atlanta Falcons,New Orleans Saints,Georgia Dome,NO,-3,37,34,
2014,Baltimore Ravens,Cincinnati Bengals,M&T Bank Stadium,BAL,-1,16,23,
2014,Chicago Bears,Buffalo Bills,Soldier Field,CHI,-7,20,23,
2014,Dallas Cowboys,San Francisco 49ers,Cowboys Stadium,SF,-3.5,17,28,
2014,Denver Broncos,Indianapolis Colts,Sports Authority Field at Mile High,DEN,-8,31,24,
2014,Houston Texans,Washington Redskins,Reliant Stadium,HOU,-3,17,6,
2014,Kansas City Chiefs,Tennessee Titans,Arrowhead Stadium,KC,-3,10,26,
2014,Miami Dolphins,New England Patriots,Sun Life Stadium,NE,-3.5,33,20,
2014,New York Jets,Oakland Raiders,MetLife Stadium,NYJ,-6.5,19,14,
2014,Philadelphia Eagles,Jacksonville Jaguars,Lincoln Financial Field,PHI,-10,34,17,
2014,Pittsburgh Steelers,Cleveland Browns,Heinz Field,PIT,-5.5,30,27,
2014,St. Louis Rams,Minnesota Vikings,Edward Jones Dome,LAR,-3,6,34,
2014,Tampa Bay Buccaneers,Carolina Panthers,Raymond James Stadium,TB,-5.5,14,20,
2014,Arizona Cardinals,San Diego Chargers,University of Phoenix Stadium,ARI,-3,18,17,
2014,Detroit Lions,New York Giants,Ford Field,DET,-6.5,35,14,
2014,Baltimore Ravens,Pittsburgh Steelers,M&T Bank Stadium,BAL,-2.5,26,6,
2014,Buffalo Bills,Miami Dolphins,Ralph Wilson Stadium,BUF,-1,29,10,
2014,Carolina Panthers,Detroit Lions,Bank of America Stadium,CAR,-1,24,7,
2014,Cincinnati Bengals,Atlanta Falcons,Paul Brown Stadium,CIN,-5.5,24,10,
2014,Cleveland Browns,New Orleans Saints,FirstEnergy Stadium,NO,-4.5,26,24,
2014,Denver Broncos,Kansas City Chiefs,Sports Authority Field at Mile High,DEN,-13,24,17,
2014,Green Bay Packers,New York Jets,Lambeau Field,GB,-7,31,24,
2014,Minnesota Vikings,New England Patriots,TCF Bank Stadium,NE,-3.5,7,30,
2014,New York Giants,Arizona Cardinals,MetLife Stadium,NYG,-1,14,25,
2014,Oakland Raiders,Houston Texans,Oakland Coliseum,HOU,-3,14,30,
2014,San Diego Chargers,Seattle Seahawks,Qualcomm Stadium,SEA,-4.5,30,21,
2014,San Francisco 49ers,Chicago Bears,Levi's Stadium,SF,-7,20,28,
2014,Tampa Bay Buccaneers,St. Louis Rams,Raymond James Stadium,TB,-4,17,19,
2014,Tennessee Titans,Dallas Cowboys,Nissan Stadium,TEN,-3,10,26,
2014,Washington Redskins,Jacksonville Jaguars,FedEx Field,WAS,-5,41,10,
2014,Indianapolis Colts,Philadelphia Eagles,Lucas Oil Stadium,IND,-3,27,30,
2014,Atlanta Falcons,Tampa Bay Buccaneers,Georgia Dome,ATL,-6.5,56,14,
2014,Arizona Cardinals,San Francisco 49ers,University of Phoenix Stadium,SF,-3,23,14,
2014,Buffalo Bills,San Diego Chargers,Ralph Wilson Stadium,BUF,-2.5,10,22,
2014,Carolina Panthers,Pittsburgh Steelers,Bank of America Stadium,CAR,-3,19,37,
2014,Cincinnati Bengals,Tennessee Titans,Paul Brown Stadium,CIN,-6.5,33,7,
2014,Cleveland Browns,Baltimore Ravens,FirstEnergy Stadium,BAL,-2,21,23,
2014,Detroit Lions,Green Bay Packers,Ford Field,DET,-1.5,19,7,
2014,Jacksonville Jaguars,Indianapolis Colts,EverBank Field,IND,-6,17,44,
2014,Miami Dolphins,Kansas City Chiefs,Sun Life Stadium,MIA,-6,15,34,
2014,New England Patriots,Oakland Raiders,Gillette Stadium,NE,-14,16,9,
2014,New Orleans Saints,Minnesota Vikings,Louisiana Superdome,NO,-10,20,9,
2014,New York Giants,Houston Texans,MetLife Stadium,NYG,-1,30,17,
2014,Philadelphia Eagles,Washington Redskins,Lincoln Financial Field,PHI,-4,37,34,
2014,Seattle Seahawks,Denver Broncos,CenturyLink Field,SEA,-4,26,20,
2014,St. Louis Rams,Dallas Cowboys,Edward Jones Dome,DAL,-1.5,31,34,
2014,New York Jets,Chicago Bears,MetLife Stadium,NYJ,-1.5,19,27,
2014,Washington Redskins,New York Giants,FedEx Field,WAS,-3,14,45,
2014,Baltimore Ravens,Carolina Panthers,M&T Bank Stadium,BAL,-3.5,38,10,
2014,Chicago Bears,Green Bay Packers,Soldier Field,GB,-2,17,38,
2014,Dallas Cowboys,New Orleans Saints,Cowboys Stadium,NO,-3,38,17,
2014,Houston Texans,Buffalo Bills,Reliant Stadium,HOU,-3,23,17,
2014,Indianapolis Colts,Tennessee Titans,Lucas Oil Stadium,IND,-7.5,41,17,
2014,Minnesota Vikings,Atlanta Falcons,TCF Bank Stadium,ATL,-5.5,41,28,
2014,New York Jets,Detroit Lions,MetLife Stadium,NYJ,-2,17,24,
2014,Oakland Raiders,Miami Dolphins,Wembley Stadium,MIA,-4,14,38,
2014,Pittsburgh Steelers,Tampa Bay Buccaneers,Heinz Field,PIT,-7.5,24,27,
2014,San Diego Chargers,Jacksonville Jaguars,Qualcomm Stadium,LAC,-13,33,14,
2014,San Francisco 49ers,Philadelphia Eagles,Levi's Stadium,SF,-3.5,26,21,
2014,Kansas City Chiefs,New England Patriots,Arrowhead Stadium,NE,-3,41,14,
2014,Green Bay Packers,Minnesota Vikings,Lambeau Field,GB,-8.5,42,10,
2014,Carolina Panthers,Chicago Bears,Bank of America Stadium,CAR,-1.5,31,24,
2014,Dallas Cowboys,Houston Texans,Cowboys Stadium,DAL,-5,20,17,
2014,Denver Broncos,Arizona Cardinals,Sports Authority Field at Mile High,DEN,-8,41,20,
2014,Detroit Lions,Buffalo Bills,Ford Field,DET,-4.5,14,17,
2014,Indianapolis Colts,Baltimore Ravens,Lucas Oil Stadium,IND,-2.5,20,13,
2014,Jacksonville Jaguars,Pittsburgh Steelers,EverBank Field,PIT,-6,9,17,
2014,New England Patriots,Cincinnati Bengals,Gillette Stadium,CIN,-2.5,43,17,
2014,New Orleans Saints,Tampa Bay Buccaneers,Louisiana Superdome,NO,-11,37,31,
2014,New York Giants,Atlanta Falcons,MetLife Stadium,NYG,-4,30,20,
2014,Philadelphia Eagles,St. Louis Rams,Lincoln Financial Field,PHI,-3.5,34,28,
2014,San Diego Chargers,New York Jets,Qualcomm Stadium,LAC,-7,31,0,
2014,San Francisco 49ers,Kansas City Chiefs,Levi's Stadium,SF,-4,22,17,
2014,Tennessee Titans,Cleveland Browns,Nissan Stadium,CLE,-1,28,29,
2014,Washington Redskins,Seattle Seahawks,FedEx Field,SEA,-7,17,27,
2014,Houston Texans,Indianapolis Colts,Reliant Stadium,IND,-2.5,28,33,
2014,Arizona Cardinals,Washington Redskins,University of Phoenix Stadium,ARI,-5,30,20,
2014,Atlanta Falcons,Chicago Bears,Georgia Dome,ATL,-3.5,13,27,
2014,Buffalo Bills,New England Patriots,Ralph Wilson Stadium,BUF,-1,22,37,
2014,Cincinnati Bengals,Carolina Panthers,Paul Brown Stadium,CIN,-7,37,37,
2014,Cleveland Browns,Pittsburgh Steelers,FirstEnergy Stadium,CLE,-2.5,31,10,
2014,Miami Dolphins,Green Bay Packers,Sun Life Stadium,GB,-1.5,24,27,
2014,Minnesota Vikings,Detroit Lions,TCF Bank Stadium,MIN,-1,3,17,
2014,New York Jets,Denver Broncos,MetLife Stadium,DEN,-10,17,31,
2014,Oakland Raiders,San Diego Chargers,Oakland Coliseum,LAC,-7,28,31,
2014,Philadelphia Eagles,New York Giants,Lincoln Financial Field,PHI,-1,27,0,
2014,Seattle Seahawks,Dallas Cowboys,CenturyLink Field,SEA,-10,23,30,
2014,Tampa Bay Buccaneers,Baltimore Ravens,Raymond James Stadium,BAL,-3.5,17,48,
2014,Tennessee Titans,Jacksonville Jaguars,Nissan Stadium,TEN,-4,16,14,
2014,St. Louis Rams,San Francisco 49ers,Edward Jones Dome,SF,-3.5,17,31,
2014,New England Patriots,New York Jets,Gillette Stadium,NE,-9.5,27,25,
2014,Baltimore Ravens,Atlanta Falcons,M&T Bank Stadium,BAL,-7,29,7,
2014,Buffalo Bills,Minnesota Vikings,Ralph Wilson Stadium,BUF,-7,17,16,
2014,Chicago Bears,Miami Dolphins,Soldier Field,CHI,-3,14,27,
2014,Dallas Cowboys,New York Giants,Cowboys Stadium,DAL,-5,31,21,
2014,Denver Broncos,San Francisco 49ers,Sports Authority Field at Mile High,DEN,-7,42,17,
2014,Detroit Lions,New Orleans Saints,Ford Field,DET,-1.5,24,23,
2014,Green Bay Packers,Carolina Panthers,Lambeau Field,GB,-6.5,38,17,
2014,Indianapolis Colts,Cincinnati Bengals,Lucas Oil Stadium,IND,-3,27,0,
2014,Jacksonville Jaguars,Cleveland Browns,EverBank Field,CLE,-4,24,6,
2014,Oakland Raiders,Arizona Cardinals,Oakland Coliseum,ARI,-3.5,13,24,
2014,San Diego Chargers,Kansas City Chiefs,Qualcomm Stadium,LAC,-3,20,23,
2014,St. Louis Rams,Seattle Seahawks,Edward Jones Dome,SEA,-7,28,26,
2014,Washington Redskins,Tennessee Titans,FedEx Field,WAS,-6,19,17,
2014,Pittsburgh Steelers,Houston Texans,Heinz Field,PIT,-3,30,23,
2014,Denver Broncos,San Diego Chargers,Sports Authority Field at Mile High,DEN,-9,35,21,
2014,Arizona Cardinals,Philadelphia Eagles,University of Phoenix Stadium,ARI,-1,24,20,
2014,Atlanta Falcons,Detroit Lions,Wembley Stadium,DET,-3.5,21,22,
2014,Carolina Panthers,Seattle Seahawks,Bank of America Stadium,SEA,-6,9,13,
2014,Cincinnati Bengals,Baltimore Ravens,Paul Brown Stadium,BAL,-2.5,27,24,
2014,Cleveland Browns,Oakland Raiders,FirstEnergy Stadium,CLE,-6.5,23,13,
2014,Jacksonville Jaguars,Miami Dolphins,EverBank Field,MIA,-7,13,27,
2014,Kansas City Chiefs,St. Louis Rams,Arrowhead Stadium,KC,-7.5,34,7,
2014,New England Patriots,Chicago Bears,Gillette Stadium,NE,-6,51,23,
2014,New Orleans Saints,Green Bay Packers,Louisiana Superdome,NO,-2,44,23,
2014,New York Jets,Buffalo Bills,MetLife Stadium,NYJ,-3,23,43,
2014,Pittsburgh Steelers,Indianapolis Colts,Heinz Field,IND,-5,51,34,
2014,Tampa Bay Buccaneers,Minnesota Vikings,Raymond James Stadium,TB,-1,13,19,
2014,Tennessee Titans,Houston Texans,Nissan Stadium,HOU,-3.5,16,30,
2014,Dallas Cowboys,Washington Redskins,Cowboys Stadium,DAL,-9.5,17,20,
2014,Carolina Panthers,New Orleans Saints,Bank of America Stadium,NO,-3,10,28,
2014,Cincinnati Bengals,Jacksonville Jaguars,Paul Brown Stadium,CIN,-10,33,23,
2014,Cleveland Browns,Tampa Bay Buccaneers,FirstEnergy Stadium,CLE,-7,22,17,
2014,Dallas Cowboys,Arizona Cardinals,Cowboys Stadium,DAL,-1.5,17,28,
2014,Houston Texans,Philadelphia Eagles,Reliant Stadium,PHI,-1.5,21,31,
2014,Kansas City Chiefs,New York Jets,Arrowhead Stadium,KC,-9.5,24,10,
2014,Miami Dolphins,San Diego Chargers,Sun Life Stadium,MIA,-3,37,0,
2014,Minnesota Vikings,Washington Redskins,TCF Bank Stadium,WAS,-1,29,26,
2014,New England Patriots,Denver Broncos,Gillette Stadium,DEN,-3,43,21,
2014,Pittsburgh Steelers,Baltimore Ravens,Heinz Field,PIT,-2.5,43,23,
2014,San Francisco 49ers,St. Louis Rams,Levi's Stadium,SF,-10.5,10,13,
2014,Seattle Seahawks,Oakland Raiders,CenturyLink Field,SEA,-13.5,30,24,
2014,New York Giants,Indianapolis Colts,MetLife Stadium,IND,-3,24,40,
2014,Cincinnati Bengals,Cleveland Browns,Paul Brown Stadium,CIN,-6.5,3,24,
2014,Arizona Cardinals,St. Louis Rams,University of Phoenix Stadium,ARI,-7,31,14,
2014,Baltimore Ravens,Tennessee Titans,M&T Bank Stadium,BAL,-10.5,21,7,
2014,Buffalo Bills,Kansas City Chiefs,Ralph Wilson Stadium,BUF,-2,13,17,
2014,Detroit Lions,Miami Dolphins,Ford Field,DET,-3,20,16,
2014,Green Bay Packers,Chicago Bears,Lambeau Field,GB,-9.5,55,14,
2014,Jacksonville Jaguars,Dallas Cowboys,Wembley Stadium,DAL,-7.5,17,31,
2014,New Orleans Saints,San Francisco 49ers,Louisiana Superdome,NO,-6,24,27,
2014,New York Jets,Pittsburgh Steelers,MetLife Stadium,PIT,-4.5,20,13,
2014,Oakland Raiders,Denver Broncos,Oakland Coliseum,DEN,-13,17,41,
2014,Seattle Seahawks,New York Giants,CenturyLink Field,SEA,-9,38,17,
2014,Tampa Bay Buccaneers,Atlanta Falcons,Raymond James Stadium,ATL,-3.5,17,27,
2014,Philadelphia Eagles,Carolina Panthers,Lincoln Financial Field,PHI,-7,45,21,
2014,Miami Dolphins,Buffalo Bills,Sun Life Stadium,MIA,-4,22,9,
2014,Arizona Cardinals,Detroit Lions,University of Phoenix Stadium,DET,-1,14,6,
2014,Carolina Panthers,Atlanta Falcons,Bank of America Stadium,ATL,-2.5,17,19,
2014,Chicago Bears,Minnesota Vikings,Soldier Field,CHI,-2.5,21,13,
2014,Cleveland Browns,Houston Texans,FirstEnergy Stadium,CLE,-4.5,7,23,
2014,Green Bay Packers,Philadelphia Eagles,Lambeau Field,GB,-4.5,53,20,
2014,Indianapolis Colts,New England Patriots,Lucas Oil Stadium,IND,-3,20,42,
2014,Kansas City Chiefs,Seattle Seahawks,Arrowhead Stadium,SEA,-1,24,20,
2014,New Orleans Saints,Cincinnati Bengals,Louisiana Superdome,NO,-8.5,10,27,
2014,New York Giants,San Francisco 49ers,MetLife Stadium,SF,-4,10,16,
2014,San Diego Chargers,Oakland Raiders,Qualcomm Stadium,LAC,-10.5,13,6,
2014,St. Louis Rams,Denver Broncos,Edward Jones Dome,DEN,-8,22,7,
2014,Washington Redskins,Tampa Bay Buccaneers,FedEx Field,WAS,-6.5,7,27,
2014,Tennessee Titans,Pittsburgh Steelers,Nissan Stadium,PIT,-7,24,27,
2014,Oakland Raiders,Kansas City Chiefs,Oakland Coliseum,KC,-7.5,24,20,
2014,Atlanta Falcons,Cleveland Browns,Georgia Dome,ATL,-3,24,26,
2014,Chicago Bears,Tampa Bay Buccaneers,Soldier Field,CHI,-4,21,13,
2014,Denver Broncos,Miami Dolphins,Sports Authority Field at Mile High,DEN,-6.5,39,36,
2014,Houston Texans,Cincinnati Bengals,Reliant Stadium,HOU,-3,13,22,
2014,Indianapolis Colts,Jacksonville Jaguars,Lucas Oil Stadium,IND,-13,23,3,
2014,Minnesota Vikings,Green Bay Packers,TCF Bank Stadium,GB,-7.5,21,24,
2014,New England Patriots,Detroit Lions,Gillette Stadium,NE,-7.5,34,9,
2014,New York Giants,Dallas Cowboys,MetLife Stadium,DAL,-4,28,31,
2014,Philadelphia Eagles,Tennessee Titans,Lincoln Financial Field,PHI,-11,43,24,
2014,San Diego Chargers,St. Louis Rams,Qualcomm Stadium,LAC,-4,27,24,
2014,San Francisco 49ers,Washington Redskins,Levi's Stadium,SF,-9,17,13,
2014,Seattle Seahawks,Arizona Cardinals,CenturyLink Field,SEA,-7.5,19,3,
2014,Buffalo Bills,New York Jets,Ford Field,BUF,-2.5,38,3,
2014,New Orleans Saints,Baltimore Ravens,Louisiana Superdome,NO,-2.5,27,34,
2014,Dallas Cowboys,Philadelphia Eagles,Cowboys Stadium,DAL,-3,10,33,
2014,Detroit Lions,Chicago Bears,Ford Field,DET,-7.5,34,17,
2014,San Francisco 49ers,Seattle Seahawks,Levi's Stadium,SF,-1,3,19,
2014,Atlanta Falcons,Arizona Cardinals,Georgia Dome,ARI,-1.5,29,18,
2014,Baltimore Ravens,San Diego Chargers,M&T Bank Stadium,BAL,-6.5,33,34,
2014,Buffalo Bills,Cleveland Browns,Ralph Wilson Stadium,BUF,-3,26,10,
2014,Green Bay Packers,New England Patriots,Lambeau Field,GB,-3,26,21,
2014,Houston Texans,Tennessee Titans,Reliant Stadium,HOU,-7,45,21,
2014,Indianapolis Colts,Washington Redskins,Lucas Oil Stadium,IND,-7.5,49,27,
2014,Jacksonville Jaguars,New York Giants,EverBank Field,NYG,-3,25,24,
2014,Kansas City Chiefs,Denver Broncos,Arrowhead Stadium,KC,-1,16,29,
2014,Minnesota Vikings,Carolina Panthers,TCF Bank Stadium,MIN,-2.5,31,13,
2014,Pittsburgh Steelers,New Orleans Saints,Heinz Field,PIT,-3.5,32,35,
2014,St. Louis Rams,Oakland Raiders,Edward Jones Dome,LAR,-6.5,52,0,
2014,Tampa Bay Buccaneers,Cincinnati Bengals,Raymond James Stadium,CIN,-6,13,14,
2014,New York Jets,Miami Dolphins,MetLife Stadium,MIA,-6.5,13,16,
2014,Chicago Bears,Dallas Cowboys,Soldier Field,DAL,-3.5,28,41,
2014,Arizona Cardinals,Kansas City Chiefs,University of Phoenix Stadium,KC,-2.5,17,14,
2014,Cincinnati Bengals,Pittsburgh Steelers,Paul Brown Stadium,CIN,-3,21,42,
2014,Cleveland Browns,Indianapolis Colts,FirstEnergy Stadium,IND,-3,24,25,
2014,Denver Broncos,Buffalo Bills,Sports Authority Field at Mile High,DEN,-9,24,17,
2014,Detroit Lions,Tampa Bay Buccaneers,Ford Field,DET,-10.5,34,17,
2014,Jacksonville Jaguars,Houston Texans,EverBank Field,HOU,-6.5,13,27,
2014,Miami Dolphins,Baltimore Ravens,Sun Life Stadium,MIA,-3,13,28,
2014,Minnesota Vikings,New York Jets,TCF Bank Stadium,MIN,-4.5,30,24,
2014,New Orleans Saints,Carolina Panthers,Louisiana Superdome,NO,-8.5,10,41,
2014,Oakland Raiders,San Francisco 49ers,Oakland Coliseum,SF,-8,24,13,
2014,Philadelphia Eagles,Seattle Seahawks,Lincoln Financial Field,SEA,-1.5,14,24,
2014,San Diego Chargers,New England Patriots,Qualcomm Stadium,NE,-4,14,23,
2014,Tennessee Titans,New York Giants,Nissan Stadium,NYG,-3,7,36,
2014,Washington Redskins,St. Louis Rams,FedEx Field,LAR,-2.5,0,24,
2014,Green Bay Packers,Atlanta Falcons,Lambeau Field,GB,-13.5,43,37,
2014,St. Louis Rams,Arizona Cardinals,Edward Jones Dome,LAR,-6,6,12,
2014,Atlanta Falcons,Pittsburgh Steelers,Georgia Dome,PIT,-3,20,27,
2014,Baltimore Ravens,Jacksonville Jaguars,M&T Bank Stadium,BAL,-14,20,12,
2014,Buffalo Bills,Green Bay Packers,Ralph Wilson Stadium,GB,-3.5,21,13,
2014,Carolina Panthers,Tampa Bay Buccaneers,Bank of America Stadium,CAR,-3.5,19,17,
2014,Cleveland Browns,Cincinnati Bengals,FirstEnergy Stadium,CLE,-2.5,0,30,
2014,Detroit Lions,Minnesota Vikings,Ford Field,DET,-8,16,14,
2014,Indianapolis Colts,Houston Texans,Lucas Oil Stadium,IND,-7,17,10,
2014,Kansas City Chiefs,Oakland Raiders,Arrowhead Stadium,KC,-11,31,13,
2014,New England Patriots,Miami Dolphins,Gillette Stadium,NE,-9.5,41,13,
2014,New York Giants,Washington Redskins,MetLife Stadium,NYG,-7,24,13,
2014,Philadelphia Eagles,Dallas Cowboys,Lincoln Financial Field,PHI,-3.5,27,38,
2014,San Diego Chargers,Denver Broncos,Qualcomm Stadium,DEN,-4,10,22,
2014,Seattle Seahawks,San Francisco 49ers,CenturyLink Field,SEA,-10,17,7,
2014,Tennessee Titans,New York Jets,Nissan Stadium,NYJ,-3.5,11,16,
2014,Chicago Bears,New Orleans Saints,Soldier Field,NO,-3,15,31,
2014,Jacksonville Jaguars,Tennessee Titans,EverBank Field,JAX,-4,21,13,
2014,San Francisco 49ers,San Diego Chargers,Levi's Stadium,SF,-2,35,38,
2014,Washington Redskins,Philadelphia Eagles,FedEx Field,PHI,-7,27,24,
2014,Arizona Cardinals,Seattle Seahawks,University of Phoenix Stadium,SEA,-9.5,6,35,
2014,Carolina Panthers,Cleveland Browns,Bank of America Stadium,CAR,-6,17,13,
2014,Chicago Bears,Detroit Lions,Soldier Field,DET,-10,14,20,
2014,Dallas Cowboys,Indianapolis Colts,Cowboys Stadium,DAL,-3.5,42,7,
2014,Houston Texans,Baltimore Ravens,Reliant Stadium,BAL,-6,25,13,
2014,Miami Dolphins,Minnesota Vikings,Sun Life Stadium,MIA,-4.5,37,35,
2014,New Orleans Saints,Atlanta Falcons,Louisiana Superdome,NO,-6,14,30,
2014,New York Jets,New England Patriots,MetLife Stadium,NE,-10,16,17,
2014,Oakland Raiders,Buffalo Bills,Oakland Coliseum,BUF,-7,26,24,
2014,Pittsburgh Steelers,Kansas City Chiefs,Heinz Field,PIT,-2.5,20,12,
2014,St. Louis Rams,New York Giants,Edward Jones Dome,LAR,-7,27,37,
2014,Tampa Bay Buccaneers,Green Bay Packers,Raymond James Stadium,GB,-11.5,3,20,
2014,Cincinnati Bengals,Denver Broncos,Paul Brown Stadium,DEN,-3.5,37,28,
2014,Atlanta Falcons,Carolina Panthers,Georgia Dome,ATL,-2.5,3,34,
2014,Baltimore Ravens,Cleveland Browns,M&T Bank Stadium,BAL,-14,20,10,
2014,Denver Broncos,Oakland Raiders,Sports Authority Field at Mile High,DEN,-16.5,47,14,
2014,Green Bay Packers,Detroit Lions,Lambeau Field,GB,-9,30,20,
2014,Houston Texans,Jacksonville Jaguars,Reliant Stadium,HOU,-8.5,23,17,
2014,Kansas City Chiefs,San Diego Chargers,Arrowhead Stadium,KC,-3,19,7,
2014,Miami Dolphins,New York Jets,Sun Life Stadium,MIA,-7,24,37,
2014,Minnesota Vikings,Chicago Bears,TCF Bank Stadium,MIN,-7,13,9,
2014,New England Patriots,Buffalo Bills,Gillette Stadium,NE,-4.5,9,17,
2014,New York Giants,Philadelphia Eagles,MetLife Stadium,PHI,-1,26,34,
2014,Pittsburgh Steelers,Cincinnati Bengals,Heinz Field,PIT,-3,27,17,
2014,San Francisco 49ers,Arizona Cardinals,Levi's Stadium,SF,-6,20,17,
2014,Seattle Seahawks,St. Louis Rams,CenturyLink Field,SEA,-11,20,6,
2014,Tampa Bay Buccaneers,New Orleans Saints,Raymond James Stadium,NO,-6,20,23,
2014,Tennessee Titans,Indianapolis Colts,Nissan Stadium,IND,-7.5,10,27,
2014,Washington Redskins,Dallas Cowboys,FedEx Field,DAL,-6,17,44,
2014,Carolina Panthers,Arizona Cardinals,Bank of America Stadium,CAR,-5.5,27,16,
2014,Pittsburgh Steelers,Baltimore Ravens,Heinz Field,PIT,-3,17,30,
2014,Dallas Cowboys,Detroit Lions,Cowboys Stadium,DAL,-6,24,20,
2014,Indianapolis Colts,Cincinnati Bengals,Lucas Oil Stadium,IND,-3.5,26,10,
2014,New England Patriots,Baltimore Ravens,Gillette Stadium,NE,-7,35,31,
2014,Seattle Seahawks,Carolina Panthers,CenturyLink Field,SEA,-13.5,31,17,
2014,Denver Broncos,Indianapolis Colts,Sports Authority Field at Mile High,DEN,-9.5,13,24,
2014,Green Bay Packers,Dallas Cowboys,Lambeau Field,GB,-5.5,26,21,
2014,New England Patriots,Indianapolis Colts,Gillette Stadium,NE,-7,45,7,
2014,Seattle Seahawks,Green Bay Packers,CenturyLink Field,SEA,-8.5,28,22,
2014,New England Patriots,Seattle Seahawks,University of Phoenix Stadium,NE,-1,28,24,
2015,New England Patriots,Pittsburgh Steelers,Gillette Stadium,NE,-7,28,21,
2015,Arizona Cardinals,New Orleans Saints,University of Phoenix Stadium,ARI,-2.5,31,19,
2015,Buffalo Bills,Indianapolis Colts,Ralph Wilson Stadium,IND,-1,27,14,
2015,Chicago Bears,Green Bay Packers,Soldier Field,GB,-6.5,23,31,
2015,Dallas Cowboys,New York Giants,Cowboys Stadium,DAL,-7,27,26,
2015,Denver Broncos,Baltimore Ravens,Sports Authority Field at Mile High,DEN,-4.5,19,13,
2015,Houston Texans,Kansas City Chiefs,Reliant Stadium,KC,-1,20,27,
2015,Jacksonville Jaguars,Carolina Panthers,EverBank Field,CAR,-3,9,20,
2015,New York Jets,Cleveland Browns,MetLife Stadium,NYJ,-3.5,31,10,
2015,Oakland Raiders,Cincinnati Bengals,Oakland Coliseum,OAK,-3,13,33,
2015,San Diego Chargers,Detroit Lions,Qualcomm Stadium,LAC,-3.5,33,28,
2015,St. Louis Rams,Seattle Seahawks,Edward Jones Dome,SEA,-3.5,34,31,
2015,Tampa Bay Buccaneers,Tennessee Titans,Raymond James Stadium,TB,-3,14,42,
2015,Washington Redskins,Miami Dolphins,FedEx Field,MIA,-4,10,17,
2015,Atlanta Falcons,Philadelphia Eagles,Georgia Dome,PHI,-3,26,24,
2015,San Francisco 49ers,Minnesota Vikings,Levi's Stadium,MIN,-2.5,20,3,
2015,Kansas City Chiefs,Denver Broncos,Arrowhead Stadium,KC,-3,24,31,
2015,Buffalo Bills,New England Patriots,Ralph Wilson Stadium,BUF,-1,32,40,
2015,Carolina Panthers,Houston Texans,Bank of America Stadium,CAR,-3,24,17,
2015,Chicago Bears,Arizona Cardinals,Soldier Field,ARI,-2,23,48,
2015,Cincinnati Bengals,San Diego Chargers,Paul Brown Stadium,CIN,-3.5,24,19,
2015,Cleveland Browns,Tennessee Titans,FirstEnergy Stadium,TEN,-1,28,14,
2015,Green Bay Packers,Seattle Seahawks,Lambeau Field,GB,-3,27,17,
2015,Jacksonville Jaguars,Miami Dolphins,EverBank Field,MIA,-6,23,20,
2015,Minnesota Vikings,Detroit Lions,TCF Bank Stadium,MIN,-2.5,26,16,
2015,New Orleans Saints,Tampa Bay Buccaneers,Louisiana Superdome,NO,-9,19,26,
2015,New York Giants,Atlanta Falcons,MetLife Stadium,NYG,-2,20,24,
2015,Oakland Raiders,Baltimore Ravens,Oakland Coliseum,BAL,-6,37,33,
2015,Philadelphia Eagles,Dallas Cowboys,Lincoln Financial Field,PHI,-6.5,10,20,
2015,Pittsburgh Steelers,San Francisco 49ers,Heinz Field,PIT,-6,43,18,
2015,Washington Redskins,St. Louis Rams,FedEx Field,LAR,-3,24,10,
2015,Indianapolis Colts,New York Jets,Lucas Oil Stadium,IND,-6,7,20,
2015,New York Giants,Washington Redskins,MetLife Stadium,NYG,-3,32,21,
2015,Arizona Cardinals,San Francisco 49ers,University of Phoenix Stadium,ARI,-7,47,7,
2015,Baltimore Ravens,Cincinnati Bengals,M&T Bank Stadium,BAL,-1.5,24,28,
2015,Carolina Panthers,New Orleans Saints,Bank of America Stadium,CAR,-9.5,27,22,
2015,Cleveland Browns,Oakland Raiders,FirstEnergy Stadium,CLE,-3.5,20,27,
2015,Dallas Cowboys,Atlanta Falcons,Cowboys Stadium,PICK,0,28,39,
2015,Detroit Lions,Denver Broncos,Ford Field,DEN,-3,12,24,
2015,Houston Texans,Tampa Bay Buccaneers,Reliant Stadium,HOU,-6,19,9,
2015,Miami Dolphins,Buffalo Bills,Sun Life Stadium,MIA,-1,14,41,
2015,Minnesota Vikings,San Diego Chargers,TCF Bank Stadium,MIN,-2,31,14,
2015,New England Patriots,Jacksonville Jaguars,Gillette Stadium,NE,-14,51,17,
2015,New York Jets,Philadelphia Eagles,MetLife Stadium,NYJ,-3,17,24,
2015,Seattle Seahawks,Chicago Bears,CenturyLink Field,SEA,-16.5,26,0,
2015,St. Louis Rams,Pittsburgh Steelers,Edward Jones Dome,LAR,-1,6,12,
2015,Tennessee Titans,Indianapolis Colts,Nissan Stadium,IND,-3.5,33,35,
2015,Green Bay Packers,Kansas City Chiefs,Lambeau Field,GB,-5.5,38,28,
2015,Pittsburgh Steelers,Baltimore Ravens,Heinz Field,BAL,-3,20,23,
2015,Arizona Cardinals,St. Louis Rams,University of Phoenix Stadium,ARI,-7,22,24,
2015,Atlanta Falcons,Houston Texans,Georgia Dome,ATL,-4.5,48,21,
2015,Buffalo Bills,New York Giants,Ralph Wilson Stadium,BUF,-6,10,24,
2015,Chicago Bears,Oakland Raiders,Soldier Field,OAK,-3,22,20,
2015,Cincinnati Bengals,Kansas City Chiefs,Paul Brown Stadium,CIN,-3.5,36,21,
2015,Denver Broncos,Minnesota Vikings,Sports Authority Field at Mile High,DEN,-7,23,20,
2015,Indianapolis Colts,Jacksonville Jaguars,Lucas Oil Stadium,IND,-4,16,13,
2015,Miami Dolphins,New York Jets,Wembley Stadium,NYJ,-2.5,14,27,
2015,New Orleans Saints,Dallas Cowboys,Louisiana Superdome,NO,-3,26,20,
2015,San Diego Chargers,Cleveland Browns,Qualcomm Stadium,LAC,-5,30,27,
2015,San Francisco 49ers,Green Bay Packers,Levi's Stadium,GB,-7.5,3,17,
2015,Tampa Bay Buccaneers,Carolina Panthers,Raymond James Stadium,CAR,-3,23,37,
2015,Washington Redskins,Philadelphia Eagles,FedEx Field,PHI,-3,23,20,
2015,Seattle Seahawks,Detroit Lions,CenturyLink Field,SEA,-10,13,10,
2015,Houston Texans,Indianapolis Colts,Reliant Stadium,HOU,-5,20,27,
2015,Atlanta Falcons,Washington Redskins,Georgia Dome,ATL,-7,25,19,
2015,Baltimore Ravens,Cleveland Browns,M&T Bank Stadium,BAL,-6.5,30,33,
2015,Cincinnati Bengals,Seattle Seahawks,Paul Brown Stadium,CIN,-3,27,24,
2015,Dallas Cowboys,New England Patriots,Cowboys Stadium,NE,-8.5,6,30,
2015,Detroit Lions,Arizona Cardinals,Ford Field,ARI,-4.5,17,42,
2015,Green Bay Packers,St. Louis Rams,Lambeau Field,GB,-9,24,10,
2015,Kansas City Chiefs,Chicago Bears,Arrowhead Stadium,KC,-9.5,17,18,
2015,New York Giants,San Francisco 49ers,MetLife Stadium,NYG,-7.5,30,27,
2015,Oakland Raiders,Denver Broncos,Oakland Coliseum,DEN,-5.5,10,16,
2015,Philadelphia Eagles,New Orleans Saints,Lincoln Financial Field,PHI,-6.5,39,17,
2015,Tampa Bay Buccaneers,Jacksonville Jaguars,Raymond James Stadium,TB,-1,38,31,
2015,Tennessee Titans,Buffalo Bills,Nissan Stadium,BUF,-1,13,14,
2015,San Diego Chargers,Pittsburgh Steelers,Qualcomm Stadium,LAC,-4,20,24,
2015,New Orleans Saints,Atlanta Falcons,Louisiana Superdome,ATL,-3,31,21,
2015,Buffalo Bills,Cincinnati Bengals,Ralph Wilson Stadium,CIN,-3,21,34,
2015,Cleveland Browns,Denver Broncos,FirstEnergy Stadium,DEN,-3.5,23,26,
2015,Detroit Lions,Chicago Bears,Ford Field,DET,-3.5,37,34,
2015,Green Bay Packers,San Diego Chargers,Lambeau Field,GB,-10.5,27,20,
2015,Indianapolis Colts,New England Patriots,Lucas Oil Stadium,NE,-9,27,34,
2015,Jacksonville Jaguars,Houston Texans,EverBank Field,JAX,-3,20,31,
2015,Minnesota Vikings,Kansas City Chiefs,TCF Bank Stadium,MIN,-3.5,16,10,
2015,New York Jets,Washington Redskins,MetLife Stadium,NYJ,-7.5,34,20,
2015,Pittsburgh Steelers,Arizona Cardinals,Heinz Field,ARI,-5.5,25,13,
2015,San Francisco 49ers,Baltimore Ravens,Levi's Stadium,BAL,-2.5,25,20,
2015,Seattle Seahawks,Carolina Panthers,CenturyLink Field,SEA,-7,23,27,
2015,Tennessee Titans,Miami Dolphins,Nissan Stadium,TEN,-2.5,10,38,
2015,Philadelphia Eagles,New York Giants,Lincoln Financial Field,PHI,-3.5,27,7,
2015,San Francisco 49ers,Seattle Seahawks,Levi's Stadium,SEA,-6.5,3,20,
2015,Carolina Panthers,Philadelphia Eagles,Bank of America Stadium,CAR,-2.5,27,16,
2015,Detroit Lions,Minnesota Vikings,Ford Field,DET,-1,19,28,
2015,Indianapolis Colts,New Orleans Saints,Lucas Oil Stadium,IND,-5,21,27,
2015,Jacksonville Jaguars,Buffalo Bills,Wembley Stadium,BUF,-3.5,34,31,
2015,Kansas City Chiefs,Pittsburgh Steelers,Arrowhead Stadium,KC,-3.5,23,13,
2015,Miami Dolphins,Houston Texans,Sun Life Stadium,MIA,-4.5,44,26,
2015,New England Patriots,New York Jets,Gillette Stadium,NE,-7,30,23,
2015,New York Giants,Dallas Cowboys,MetLife Stadium,NYG,-3,27,20,
2015,San Diego Chargers,Oakland Raiders,Qualcomm Stadium,LAC,-3.5,29,37,
2015,St. Louis Rams,Cleveland Browns,Edward Jones Dome,LAR,-6,24,6,
2015,Tennessee Titans,Atlanta Falcons,Nissan Stadium,ATL,-6,7,10,
2015,Washington Redskins,Tampa Bay Buccaneers,FedEx Field,WAS,-3,31,30,
2015,Arizona Cardinals,Baltimore Ravens,University of Phoenix Stadium,ARI,-10,26,18,
2015,New England Patriots,Miami Dolphins,Gillette Stadium,NE,-8,36,7,
2015,Atlanta Falcons,Tampa Bay Buccaneers,Georgia Dome,ATL,-8,20,23,
2015,Baltimore Ravens,San Diego Chargers,M&T Bank Stadium,BAL,-4.5,29,26,
2015,Chicago Bears,Minnesota Vikings,Soldier Field,MIN,-1.5,20,23,
2015,Cleveland Browns,Arizona Cardinals,FirstEnergy Stadium,ARI,-7,20,34,
2015,Dallas Cowboys,Seattle Seahawks,Cowboys Stadium,SEA,-5,12,13,
2015,Denver Broncos,Green Bay Packers,Sports Authority Field at Mile High,GB,-2.5,29,10,
2015,Houston Texans,Tennessee Titans,Reliant Stadium,HOU,-3.5,20,6,
2015,Kansas City Chiefs,Detroit Lions,Wembley Stadium,DET,-3,45,10,
2015,New Orleans Saints,New York Giants,Louisiana Superdome,NO,-3,52,49,
2015,Oakland Raiders,New York Jets,Oakland Coliseum,NYJ,-3,34,20,
2015,Pittsburgh Steelers,Cincinnati Bengals,Heinz Field,PICK,0,10,16,
2015,St. Louis Rams,San Francisco 49ers,Edward Jones Dome,LAR,-8,27,6,
2015,Carolina Panthers,Indianapolis Colts,Bank of America Stadium,CAR,-5.5,29,26,
2015,Cincinnati Bengals,Cleveland Browns,Paul Brown Stadium,CIN,-13,31,10,
2015,Buffalo Bills,Miami Dolphins,Ralph Wilson Stadium,BUF,-4,33,17,
2015,Carolina Panthers,Green Bay Packers,Bank of America Stadium,GB,-2.5,37,29,
2015,Dallas Cowboys,Philadelphia Eagles,Cowboys Stadium,PHI,-3,27,33,
2015,Indianapolis Colts,Denver Broncos,Lucas Oil Stadium,DEN,-3.5,27,24,
2015,Minnesota Vikings,St. Louis Rams,TCF Bank Stadium,MIN,-1,21,18,
2015,New England Patriots,Washington Redskins,Gillette Stadium,NE,-13.5,27,10,
2015,New Orleans Saints,Tennessee Titans,Louisiana Superdome,NO,-6.5,28,34,
2015,New York Jets,Jacksonville Jaguars,MetLife Stadium,NYJ,-8,28,23,
2015,Pittsburgh Steelers,Oakland Raiders,Heinz Field,PIT,-6,38,35,
2015,San Francisco 49ers,Atlanta Falcons,Levi's Stadium,ATL,-8.5,17,16,
2015,Tampa Bay Buccaneers,New York Giants,Raymond James Stadium,NYG,-2,18,32,
2015,San Diego Chargers,Chicago Bears,Qualcomm Stadium,LAC,-3.5,19,22,
2015,New York Jets,Buffalo Bills,MetLife Stadium,NYJ,-2.5,17,22,
2015,Baltimore Ravens,Jacksonville Jaguars,M&T Bank Stadium,BAL,-5,20,22,
2015,Denver Broncos,Kansas City Chiefs,Sports Authority Field at Mile High,DEN,-3.5,13,29,
2015,Green Bay Packers,Detroit Lions,Lambeau Field,GB,-10.5,16,18,
2015,New York Giants,New England Patriots,MetLife Stadium,NE,-7,26,27,
2015,Oakland Raiders,Minnesota Vikings,Oakland Coliseum,OAK,-3,14,30,
2015,Philadelphia Eagles,Miami Dolphins,Lincoln Financial Field,PHI,-6,19,20,
2015,Pittsburgh Steelers,Cleveland Browns,Heinz Field,PIT,-7,30,9,
2015,Seattle Seahawks,Arizona Cardinals,CenturyLink Field,SEA,-3,32,39,
2015,St. Louis Rams,Chicago Bears,Edward Jones Dome,LAR,-7,13,37,
2015,Tampa Bay Buccaneers,Dallas Cowboys,Raymond James Stadium,DAL,-1,10,6,
2015,Tennessee Titans,Carolina Panthers,Nissan Stadium,CAR,-3.5,10,27,
2015,Washington Redskins,New Orleans Saints,FedEx Field,NO,-1,47,14,
2015,Cincinnati Bengals,Houston Texans,Paul Brown Stadium,CIN,-10,6,10,
2015,Jacksonville Jaguars,Tennessee Titans,EverBank Field,JAX,-3,19,13,
2015,Arizona Cardinals,Cincinnati Bengals,University of Phoenix Stadium,ARI,-4,34,31,
2015,Atlanta Falcons,Indianapolis Colts,Georgia Dome,ATL,-3.5,21,24,
2015,Baltimore Ravens,St. Louis Rams,M&T Bank Stadium,BAL,-3,16,13,
2015,Carolina Panthers,Washington Redskins,Bank of America Stadium,CAR,-7,44,16,
2015,Chicago Bears,Denver Broncos,Soldier Field,DEN,-2,15,17,
2015,Detroit Lions,Oakland Raiders,Ford Field,OAK,-1.5,18,13,
2015,Houston Texans,New York Jets,Reliant Stadium,NYJ,-4,24,17,
2015,Miami Dolphins,Dallas Cowboys,Sun Life Stadium,DAL,-2,14,24,
2015,Minnesota Vikings,Green Bay Packers,TCF Bank Stadium,PICK,0,13,30,
2015,Philadelphia Eagles,Tampa Bay Buccaneers,Lincoln Financial Field,PHI,-6.5,17,45,
2015,San Diego Chargers,Kansas City Chiefs,Qualcomm Stadium,KC,-3,3,33,
2015,Seattle Seahawks,San Francisco 49ers,CenturyLink Field,SEA,-14,29,13,
2015,New England Patriots,Buffalo Bills,Gillette Stadium,NE,-7,20,13,
2015,Dallas Cowboys,Carolina Panthers,Cowboys Stadium,CAR,-1,14,33,
2015,Detroit Lions,Philadelphia Eagles,Ford Field,DET,-3,45,14,
2015,Green Bay Packers,Chicago Bears,Lambeau Field,GB,-8,13,17,
2015,Atlanta Falcons,Minnesota Vikings,Georgia Dome,ATL,-2,10,20,
2015,Cincinnati Bengals,St. Louis Rams,Paul Brown Stadium,CIN,-9.5,31,7,
2015,Denver Broncos,New England Patriots,Sports Authority Field at Mile High,NE,-2.5,30,24,
2015,Houston Texans,New Orleans Saints,Reliant Stadium,HOU,-3.5,24,6,
2015,Indianapolis Colts,Tampa Bay Buccaneers,Lucas Oil Stadium,IND,-3,25,12,
2015,Jacksonville Jaguars,San Diego Chargers,EverBank Field,JAX,-5,25,31,
2015,Kansas City Chiefs,Buffalo Bills,Arrowhead Stadium,KC,-4.5,30,22,
2015,New York Jets,Miami Dolphins,MetLife Stadium,NYJ,-4.5,38,20,
2015,San Francisco 49ers,Arizona Cardinals,Levi's Stadium,ARI,-8.5,13,19,
2015,Seattle Seahawks,Pittsburgh Steelers,CenturyLink Field,SEA,-3,39,30,
2015,Tennessee Titans,Oakland Raiders,Nissan Stadium,OAK,-1,21,24,
2015,Washington Redskins,New York Giants,FedEx Field,NYG,-1.5,20,14,
2015,Cleveland Browns,Baltimore Ravens,FirstEnergy Stadium,CLE,-6,27,33,
2015,Detroit Lions,Green Bay Packers,Ford Field,GB,-2.5,23,27,
2015,Buffalo Bills,Houston Texans,Ralph Wilson Stadium,BUF,-3,30,21,
2015,Chicago Bears,San Francisco 49ers,Soldier Field,CHI,-6.5,20,26,
2015,Cleveland Browns,Cincinnati Bengals,FirstEnergy Stadium,CIN,-7.5,3,37,
2015,Miami Dolphins,Baltimore Ravens,Sun Life Stadium,MIA,-3.5,15,13,
2015,Minnesota Vikings,Seattle Seahawks,TCF Bank Stadium,SEA,-2.5,7,38,
2015,New England Patriots,Philadelphia Eagles,Gillette Stadium,NE,-9.5,28,35,
2015,New Orleans Saints,Carolina Panthers,Louisiana Superdome,CAR,-6,38,41,
2015,New York Giants,New York Jets,MetLife Stadium,NYJ,-2.5,20,23,
2015,Oakland Raiders,Kansas City Chiefs,Oakland Coliseum,KC,-3,20,34,
2015,Pittsburgh Steelers,Indianapolis Colts,Heinz Field,PIT,-9.5,45,10,
2015,San Diego Chargers,Denver Broncos,Qualcomm Stadium,DEN,-6,3,17,
2015,St. Louis Rams,Arizona Cardinals,Edward Jones Dome,ARI,-3.5,3,27,
2015,Tampa Bay Buccaneers,Atlanta Falcons,Raymond James Stadium,PICK,0,23,19,
2015,Tennessee Titans,Jacksonville Jaguars,Nissan Stadium,TEN,-3,42,39,
2015,Washington Redskins,Dallas Cowboys,FedEx Field,WAS,-2,16,19,
2015,Arizona Cardinals,Minnesota Vikings,University of Phoenix Stadium,ARI,-10,23,20,
2015,Baltimore Ravens,Seattle Seahawks,M&T Bank Stadium,SEA,-10.5,6,35,
2015,Carolina Panthers,Atlanta Falcons,Bank of America Stadium,CAR,-8.5,38,0,
2015,Chicago Bears,Washington Redskins,Soldier Field,CHI,-4,21,24,
2015,Cincinnati Bengals,Pittsburgh Steelers,Paul Brown Stadium,CIN,-1,20,33,
2015,Cleveland Browns,San Francisco 49ers,FirstEnergy Stadium,CLE,-2.5,24,10,
2015,Denver Broncos,Oakland Raiders,Sports Authority Field at Mile High,DEN,-6,12,15,
2015,Green Bay Packers,Dallas Cowboys,Lambeau Field,GB,-6.5,28,7,
2015,Houston Texans,New England Patriots,Reliant Stadium,NE,-5,6,27,
2015,Jacksonville Jaguars,Indianapolis Colts,EverBank Field,JAX,-1,51,16,
2015,Kansas City Chiefs,San Diego Chargers,Arrowhead Stadium,KC,-12,10,3,
2015,New York Jets,Tennessee Titans,MetLife Stadium,NYJ,-8,30,8,
2015,Philadelphia Eagles,Buffalo Bills,Lincoln Financial Field,PHI,-1,23,20,
2015,St. Louis Rams,Detroit Lions,Edward Jones Dome,DET,-3,21,14,
2015,Tampa Bay Buccaneers,New Orleans Saints,Raymond James Stadium,TB,-6,17,24,
2015,Miami Dolphins,New York Giants,Sun Life Stadium,NYG,-2,24,31,
2015,St. Louis Rams,Tampa Bay Buccaneers,Edward Jones Dome,LAR,-1,31,23,
2015,Dallas Cowboys,New York Jets,Cowboys Stadium,NYJ,-3.5,16,19,
2015,Baltimore Ravens,Kansas City Chiefs,M&T Bank Stadium,KC,-6.5,14,34,
2015,Indianapolis Colts,Houston Texans,Lucas Oil Stadium,IND,-2,10,16,
2015,Jacksonville Jaguars,Atlanta Falcons,EverBank Field,JAX,-2,17,23,
2015,Minnesota Vikings,Chicago Bears,TCF Bank Stadium,MIN,-4,38,17,
2015,New England Patriots,Tennessee Titans,Gillette Stadium,NE,-14.5,33,16,
2015,New York Giants,Carolina Panthers,MetLife Stadium,CAR,-5,35,38,
2015,Oakland Raiders,Green Bay Packers,Oakland Coliseum,GB,-4,20,30,
2015,Philadelphia Eagles,Arizona Cardinals,Lincoln Financial Field,ARI,-4,17,40,
2015,Pittsburgh Steelers,Denver Broncos,Heinz Field,PIT,-7.5,34,27,
2015,San Diego Chargers,Miami Dolphins,Qualcomm Stadium,LAC,-1,30,14,
2015,San Francisco 49ers,Cincinnati Bengals,Levi's Stadium,CIN,-6.5,14,24,
2015,Seattle Seahawks,Cleveland Browns,CenturyLink Field,SEA,-14.5,30,13,
2015,Washington Redskins,Buffalo Bills,FedEx Field,BUF,-2,35,25,
2015,New Orleans Saints,Detroit Lions,Louisiana Superdome,NO,-2.5,27,35,
2015,Oakland Raiders,San Diego Chargers,Oakland Coliseum,OAK,-4,23,20,
2015,Philadelphia Eagles,Washington Redskins,Lincoln Financial Field,PHI,-3.5,24,38,
2015,Arizona Cardinals,Green Bay Packers,University of Phoenix Stadium,ARI,-6,38,8,
2015,Atlanta Falcons,Carolina Panthers,Georgia Dome,CAR,-7,20,13,
2015,Baltimore Ravens,Pittsburgh Steelers,M&T Bank Stadium,PIT,-11.5,20,17,
2015,Buffalo Bills,Dallas Cowboys,Ralph Wilson Stadium,BUF,-6.5,16,6,
2015,Detroit Lions,San Francisco 49ers,Ford Field,DET,-9,32,17,
2015,Kansas City Chiefs,Cleveland Browns,Arrowhead Stadium,KC,-11.5,17,13,
2015,Miami Dolphins,Indianapolis Colts,Sun Life Stadium,MIA,-2.5,12,18,
2015,Minnesota Vikings,New York Giants,TCF Bank Stadium,MIN,-7,49,17,
2015,New Orleans Saints,Jacksonville Jaguars,Louisiana Superdome,NO,-2.5,38,27,
2015,New York Jets,New England Patriots,MetLife Stadium,NE,-2.5,26,20,
2015,Seattle Seahawks,St. Louis Rams,CenturyLink Field,SEA,-11,17,23,
2015,Tampa Bay Buccaneers,Chicago Bears,Raymond James Stadium,TB,-3,21,26,
2015,Tennessee Titans,Houston Texans,Nissan Stadium,HOU,-3.5,6,34,
2015,Denver Broncos,Cincinnati Bengals,Sports Authority Field at Mile High,DEN,-4,20,17,
2015,Arizona Cardinals,Seattle Seahawks,University of Phoenix Stadium,ARI,-6,6,36,
2015,Atlanta Falcons,New Orleans Saints,Georgia Dome,ATL,-6,17,20,
2015,Buffalo Bills,New York Jets,Ralph Wilson Stadium,NYJ,-3,22,17,
2015,Carolina Panthers,Tampa Bay Buccaneers,Bank of America Stadium,CAR,-10,38,10,
2015,Chicago Bears,Detroit Lions,Soldier Field,DET,-2.5,20,24,
2015,Cincinnati Bengals,Baltimore Ravens,Paul Brown Stadium,CIN,-9.5,24,16,
2015,Cleveland Browns,Pittsburgh Steelers,FirstEnergy Stadium,PIT,-13,12,28,
2015,Dallas Cowboys,Washington Redskins,Cowboys Stadium,DAL,-3,23,34,
2015,Denver Broncos,San Diego Chargers,Sports Authority Field at Mile High,DEN,-10,27,20,
2015,Green Bay Packers,Minnesota Vikings,Lambeau Field,GB,-3,13,20,
2015,Houston Texans,Jacksonville Jaguars,Reliant Stadium,HOU,-6,30,6,
2015,Indianapolis Colts,Tennessee Titans,Lucas Oil Stadium,IND,-4,30,24,
2015,Kansas City Chiefs,Oakland Raiders,Arrowhead Stadium,KC,-6.5,23,17,
2015,Miami Dolphins,New England Patriots,Sun Life Stadium,NE,-10,20,10,
2015,New York Giants,Philadelphia Eagles,MetLife Stadium,NYG,-3.5,30,35,
2015,San Francisco 49ers,St. Louis Rams,Levi's Stadium,LAR,-3,19,16,
2015,Cincinnati Bengals,Pittsburgh Steelers,Paul Brown Stadium,PIT,-3,16,18,
2015,Houston Texans,Kansas City Chiefs,Reliant Stadium,KC,-3,0,30,
2015,Minnesota Vikings,Seattle Seahawks,TCF Bank Stadium,SEA,-4.5,9,10,
2015,Washington Redskins,Green Bay Packers,FedEx Field,WAS,-1,18,35,
2015,Arizona Cardinals,Green Bay Packers,University of Phoenix Stadium,ARI,-7,26,20,
2015,New England Patriots,Kansas City Chiefs,Gillette Stadium,NE,-4.5,27,20,
2015,Carolina Panthers,Seattle Seahawks,Bank of America Stadium,CAR,-2.5,31,24,
2015,Denver Broncos,Pittsburgh Steelers,Sports Authority Field at Mile High,DEN,-7.5,23,16,
2015,Carolina Panthers,Arizona Cardinals,Bank of America Stadium,CAR,-3,49,15,
2015,Denver Broncos,New England Patriots,Sports Authority Field at Mile High,NE,-3,20,18,
2015,Denver Broncos,Carolina Panthers,Levi's Stadium,CAR,-4.5,24,10,
2016,Denver Broncos,Carolina Panthers,Sports Authority Field at Mile High,CAR,-3,21,20,
2016,Arizona Cardinals,New England Patriots,University of Phoenix Stadium,ARI,-8.5,21,23,
2016,Atlanta Falcons,Tampa Bay Buccaneers,Georgia Dome,ATL,-2.5,24,31,
2016,Baltimore Ravens,Buffalo Bills,M&T Bank Stadium,BAL,-3,13,7,
2016,Dallas Cowboys,New York Giants,Cowboys Stadium,NYG,-1,19,20,
2016,Houston Texans,Chicago Bears,Reliant Stadium,HOU,-5.5,23,14,
2016,Indianapolis Colts,Detroit Lions,Lucas Oil Stadium,IND,-2.5,35,39,
2016,Jacksonville Jaguars,Green Bay Packers,EverBank Field,GB,-3.5,23,27,
2016,Kansas City Chiefs,San Diego Chargers,Arrowhead Stadium,KC,-6.5,33,27,
2016,New Orleans Saints,Oakland Raiders,Louisiana Superdome,NO,-3,34,35,
2016,New York Jets,Cincinnati Bengals,MetLife Stadium,CIN,-1,22,23,
2016,Philadelphia Eagles,Cleveland Browns,Lincoln Financial Field,PHI,-3.5,29,10,
2016,Seattle Seahawks,Miami Dolphins,CenturyLink Field,SEA,-10.5,12,10,
2016,Tennessee Titans,Minnesota Vikings,Nissan Stadium,MIN,-2.5,16,25,
2016,San Francisco 49ers,Los Angeles Rams,Levi's Stadium,LAR,-2.5,28,0,
2016,Washington Redskins,Pittsburgh Steelers,FedEx Field,PIT,-2.5,16,38,
2016,Buffalo Bills,New York Jets,New Era Field,PICK,0,31,37,
2016,Arizona Cardinals,Tampa Bay Buccaneers,University of Phoenix Stadium,ARI,-7,40,7,
2016,Carolina Panthers,San Francisco 49ers,Bank of America Stadium,CAR,-12.5,46,27,
2016,Cleveland Browns,Baltimore Ravens,FirstEnergy Stadium,BAL,-4.5,20,25,
2016,Denver Broncos,Indianapolis Colts,Sports Authority Field at Mile High,DEN,-6,34,20,
2016,Detroit Lions,Tennessee Titans,Ford Field,DET,-6,15,16,
2016,Houston Texans,Kansas City Chiefs,Reliant Stadium,HOU,-1,19,12,
2016,Los Angeles Rams,Seattle Seahawks,Los Angeles Memorial Coliseum,SEA,-5.5,9,3,
2016,New England Patriots,Miami Dolphins,Gillette Stadium,NE,-5.5,31,24,
2016,New York Giants,New Orleans Saints,MetLife Stadium,NYG,-4,16,13,
2016,Oakland Raiders,Atlanta Falcons,Oakland Coliseum,OAK,-4,28,35,
2016,Pittsburgh Steelers,Cincinnati Bengals,Heinz Field,PIT,-3,24,16,
2016,San Diego Chargers,Jacksonville Jaguars,Qualcomm Stadium,LAC,-3,38,14,
2016,Washington Redskins,Dallas Cowboys,FedEx Field,WAS,-3,23,27,
2016,Chicago Bears,Philadelphia Eagles,Soldier Field,CHI,-3,14,29,
2016,Minnesota Vikings,Green Bay Packers,U.S. Bank Stadium,GB,-2,17,14,
2016,New England Patriots,Houston Texans,Gillette Stadium,NE,-1,27,0,
2016,Buffalo Bills,Arizona Cardinals,New Era Field,ARI,-5,33,18,
2016,Carolina Panthers,Minnesota Vikings,Bank of America Stadium,CAR,-6.5,10,22,
2016,Cincinnati Bengals,Denver Broncos,Paul Brown Stadium,CIN,-3.5,17,29,
2016,Dallas Cowboys,Chicago Bears,Cowboys Stadium,DAL,-6.5,31,17,
2016,Green Bay Packers,Detroit Lions,Lambeau Field,GB,-6.5,34,27,
2016,Indianapolis Colts,San Diego Chargers,Lucas Oil Stadium,IND,-1.5,26,22,
2016,Jacksonville Jaguars,Baltimore Ravens,EverBank Field,BAL,-2,17,19,
2016,Kansas City Chiefs,New York Jets,Arrowhead Stadium,KC,-3,24,3,
2016,Miami Dolphins,Cleveland Browns,Sun Life Stadium,MIA,-10,30,24,
2016,New York Giants,Washington Redskins,MetLife Stadium,NYG,-3.5,27,29,
2016,Philadelphia Eagles,Pittsburgh Steelers,Lincoln Financial Field,PIT,-4,34,3,
2016,Seattle Seahawks,San Francisco 49ers,CenturyLink Field,SEA,-10.5,37,18,
2016,Tampa Bay Buccaneers,Los Angeles Rams,Raymond James Stadium,TB,-3.5,32,37,
2016,Tennessee Titans,Oakland Raiders,Nissan Stadium,OAK,-1.5,10,17,
2016,New Orleans Saints,Atlanta Falcons,Louisiana Superdome,NO,-3,32,45,
2016,Cincinnati Bengals,Miami Dolphins,Paul Brown Stadium,CIN,-7.5,22,7,
2016,Arizona Cardinals,Los Angeles Rams,University of Phoenix Stadium,ARI,-10,13,17,
2016,Atlanta Falcons,Carolina Panthers,Georgia Dome,CAR,-3,48,33,
2016,Baltimore Ravens,Oakland Raiders,M&T Bank Stadium,BAL,-3.5,27,28,
2016,Chicago Bears,Detroit Lions,Soldier Field,DET,-3,17,14,
2016,Houston Texans,Tennessee Titans,Reliant Stadium,HOU,-3.5,27,20,
2016,Jacksonville Jaguars,Indianapolis Colts,Wembley Stadium,IND,-1,30,27,
2016,New England Patriots,Buffalo Bills,Gillette Stadium,NE,-3.5,0,16,
2016,New York Jets,Seattle Seahawks,MetLife Stadium,SEA,-1,17,27,
2016,Pittsburgh Steelers,Kansas City Chiefs,Heinz Field,PIT,-3.5,43,14,
2016,San Diego Chargers,New Orleans Saints,Qualcomm Stadium,LAC,-3.5,34,35,
2016,San Francisco 49ers,Dallas Cowboys,Levi's Stadium,DAL,-1,17,24,
2016,Tampa Bay Buccaneers,Denver Broncos,Raymond James Stadium,DEN,-3,7,27,
2016,Washington Redskins,Cleveland Browns,FedEx Field,WAS,-7.5,31,20,
2016,Minnesota Vikings,New York Giants,U.S. Bank Stadium,MIN,-3.5,24,10,
2016,San Francisco 49ers,Arizona Cardinals,Levi's Stadium,ARI,-3.5,21,33,
2016,Baltimore Ravens,Washington Redskins,M&T Bank Stadium,BAL,-4,10,16,
2016,Cleveland Browns,New England Patriots,FirstEnergy Stadium,NE,-10,13,33,
2016,Dallas Cowboys,Cincinnati Bengals,Cowboys Stadium,CIN,-2.5,28,14,
2016,Denver Broncos,Atlanta Falcons,Sports Authority Field at Mile High,DEN,-3.5,16,23,
2016,Detroit Lions,Philadelphia Eagles,Ford Field,PHI,-3.5,24,23,
2016,Green Bay Packers,New York Giants,Lambeau Field,GB,-7,23,16,
2016,Indianapolis Colts,Chicago Bears,Lucas Oil Stadium,IND,-4,29,23,
2016,Los Angeles Rams,Buffalo Bills,Los Angeles Memorial Coliseum,BUF,-2.5,19,30,
2016,Miami Dolphins,Tennessee Titans,Sun Life Stadium,MIA,-2.5,17,30,
2016,Minnesota Vikings,Houston Texans,U.S. Bank Stadium,MIN,-6,31,13,
2016,Oakland Raiders,San Diego Chargers,Oakland Coliseum,OAK,-3.5,34,31,
2016,Pittsburgh Steelers,New York Jets,Heinz Field,PIT,-10,31,13,
2016,Carolina Panthers,Tampa Bay Buccaneers,Bank of America Stadium,CAR,-6,14,17,
2016,San Diego Chargers,Denver Broncos,Qualcomm Stadium,DEN,-3,21,13,
2016,Buffalo Bills,San Francisco 49ers,New Era Field,BUF,-7.5,45,16,
2016,Chicago Bears,Jacksonville Jaguars,Soldier Field,CHI,-2.5,16,17,
2016,Detroit Lions,Los Angeles Rams,Ford Field,DET,-2.5,31,28,
2016,Green Bay Packers,Dallas Cowboys,Lambeau Field,GB,-5,16,30,
2016,Houston Texans,Indianapolis Colts,Reliant Stadium,HOU,-3,26,23,
2016,Miami Dolphins,Pittsburgh Steelers,Sun Life Stadium,PIT,-7.5,30,15,
2016,New England Patriots,Cincinnati Bengals,Gillette Stadium,NE,-7.5,35,17,
2016,New Orleans Saints,Carolina Panthers,Louisiana Superdome,CAR,-2.5,41,38,
2016,New York Giants,Baltimore Ravens,MetLife Stadium,NYG,-3.5,27,23,
2016,Oakland Raiders,Kansas City Chiefs,Oakland Coliseum,KC,-1,10,26,
2016,Seattle Seahawks,Atlanta Falcons,CenturyLink Field,SEA,-7,26,24,
2016,Tennessee Titans,Cleveland Browns,Nissan Stadium,TEN,-7.5,28,26,
2016,Washington Redskins,Philadelphia Eagles,FedEx Field,PHI,-3,27,20,
2016,Arizona Cardinals,New York Jets,University of Phoenix Stadium,ARI,-7,28,3,
2016,Green Bay Packers,Chicago Bears,Lambeau Field,GB,-7.5,26,10,
2016,Arizona Cardinals,Seattle Seahawks,University of Phoenix Stadium,ARI,-2.5,6,6,
2016,Atlanta Falcons,San Diego Chargers,Georgia Dome,ATL,-4.5,30,33,
2016,Cincinnati Bengals,Cleveland Browns,Paul Brown Stadium,CIN,-11,31,17,
2016,Detroit Lions,Washington Redskins,Ford Field,WAS,-1,20,17,
2016,Jacksonville Jaguars,Oakland Raiders,EverBank Field,JAX,-2,16,33,
2016,Kansas City Chiefs,New Orleans Saints,Arrowhead Stadium,KC,-7,27,21,
2016,Los Angeles Rams,New York Giants,Twickenham Stadium,NYG,-2.5,10,17,
2016,Miami Dolphins,Buffalo Bills,Sun Life Stadium,BUF,-2.5,28,25,
2016,New York Jets,Baltimore Ravens,MetLife Stadium,NYJ,-2.5,24,16,
2016,Philadelphia Eagles,Minnesota Vikings,Lincoln Financial Field,MIN,-3,21,10,
2016,Pittsburgh Steelers,New England Patriots,Heinz Field,NE,-7.5,16,27,
2016,San Francisco 49ers,Tampa Bay Buccaneers,Levi's Stadium,SF,-1,17,34,
2016,Tennessee Titans,Indianapolis Colts,Nissan Stadium,TEN,-4,26,34,
2016,Denver Broncos,Houston Texans,Sports Authority Field at Mile High,DEN,-8.5,27,9,
2016,Tennessee Titans,Jacksonville Jaguars,Nissan Stadium,TEN,-3,36,22,
2016,Atlanta Falcons,Green Bay Packers,Georgia Dome,ATL,-3,33,32,
2016,Buffalo Bills,New England Patriots,New Era Field,NE,-5.5,25,41,
2016,Carolina Panthers,Arizona Cardinals,Bank of America Stadium,CAR,-2.5,30,20,
2016,Cincinnati Bengals,Washington Redskins,Wembley Stadium,CIN,-3,27,27,
2016,Cleveland Browns,New York Jets,FirstEnergy Stadium,NYJ,-2.5,28,31,
2016,Dallas Cowboys,Philadelphia Eagles,Cowboys Stadium,DAL,-5,29,23,
2016,Denver Broncos,San Diego Chargers,Sports Authority Field at Mile High,DEN,-3.5,27,19,
2016,Houston Texans,Detroit Lions,Reliant Stadium,HOU,-1,20,13,
2016,Indianapolis Colts,Kansas City Chiefs,Lucas Oil Stadium,KC,-3,14,30,
2016,New Orleans Saints,Seattle Seahawks,Louisiana Superdome,SEA,-1,25,20,
2016,Tampa Bay Buccaneers,Oakland Raiders,Raymond James Stadium,TB,-1,24,30,
2016,Chicago Bears,Minnesota Vikings,Soldier Field,MIN,-4.5,20,10,
2016,Tampa Bay Buccaneers,Atlanta Falcons,Raymond James Stadium,ATL,-4.5,28,43,
2016,Baltimore Ravens,Pittsburgh Steelers,M&T Bank Stadium,PIT,-3.5,21,14,
2016,Cleveland Browns,Dallas Cowboys,FirstEnergy Stadium,DAL,-7,10,35,
2016,Green Bay Packers,Indianapolis Colts,Lambeau Field,GB,-7.5,26,31,
2016,Kansas City Chiefs,Jacksonville Jaguars,Arrowhead Stadium,KC,-7,19,14,
2016,Los Angeles Rams,Carolina Panthers,Los Angeles Memorial Coliseum,CAR,-3,10,13,
2016,Miami Dolphins,New York Jets,Sun Life Stadium,MIA,-3.5,27,23,
2016,Minnesota Vikings,Detroit Lions,U.S. Bank Stadium,MIN,-4.5,16,22,
2016,New York Giants,Philadelphia Eagles,MetLife Stadium,NYG,-3,28,23,
2016,Oakland Raiders,Denver Broncos,Oakland Coliseum,OAK,-1,30,20,
2016,San Diego Chargers,Tennessee Titans,Qualcomm Stadium,LAC,-3.5,43,35,
2016,San Francisco 49ers,New Orleans Saints,Levi's Stadium,NO,-5,23,41,
2016,Seattle Seahawks,Buffalo Bills,CenturyLink Field,SEA,-5.5,31,25,
2016,Baltimore Ravens,Cleveland Browns,M&T Bank Stadium,BAL,-7.5,28,7,
2016,Arizona Cardinals,San Francisco 49ers,University of Phoenix Stadium,ARI,-14,23,20,
2016,Carolina Panthers,Kansas City Chiefs,Bank of America Stadium,CAR,-3,17,20,
2016,Jacksonville Jaguars,Houston Texans,EverBank Field,JAX,-3,21,24,
2016,New England Patriots,Seattle Seahawks,Gillette Stadium,NE,-7.5,24,31,
2016,New Orleans Saints,Denver Broncos,Louisiana Superdome,NO,-3,23,25,
2016,New York Jets,Los Angeles Rams,MetLife Stadium,LAR,-1,6,9,
2016,Philadelphia Eagles,Atlanta Falcons,Lincoln Financial Field,PHI,-1.5,24,15,
2016,Pittsburgh Steelers,Dallas Cowboys,Heinz Field,PIT,-3,30,35,
2016,San Diego Chargers,Miami Dolphins,Qualcomm Stadium,LAC,-4.5,24,31,
2016,Tampa Bay Buccaneers,Chicago Bears,Raymond James Stadium,CHI,-2.5,36,10,
2016,Tennessee Titans,Green Bay Packers,Nissan Stadium,GB,-3,47,25,
2016,Washington Redskins,Minnesota Vikings,FedEx Field,WAS,-2.5,26,20,
2016,New York Giants,Cincinnati Bengals,MetLife Stadium,PICK,0,21,20,
2016,Carolina Panthers,New Orleans Saints,Bank of America Stadium,CAR,-3.5,23,20,
2016,Cincinnati Bengals,Buffalo Bills,Paul Brown Stadium,CIN,-2.5,12,16,
2016,Cleveland Browns,Pittsburgh Steelers,FirstEnergy Stadium,PIT,-8.5,9,24,
2016,Dallas Cowboys,Baltimore Ravens,Cowboys Stadium,DAL,-7,27,17,
2016,Detroit Lions,Jacksonville Jaguars,Ford Field,DET,-5.5,26,19,
2016,Indianapolis Colts,Tennessee Titans,Lucas Oil Stadium,IND,-3,24,17,
2016,Kansas City Chiefs,Tampa Bay Buccaneers,Arrowhead Stadium,KC,-7,17,19,
2016,Los Angeles Rams,Miami Dolphins,Los Angeles Memorial Coliseum,MIA,-1,10,14,
2016,Minnesota Vikings,Arizona Cardinals,U.S. Bank Stadium,MIN,-2,30,24,
2016,New York Giants,Chicago Bears,MetLife Stadium,NYG,-7,22,16,
2016,San Francisco 49ers,New England Patriots,Levi's Stadium,NE,-11.5,17,30,
2016,Seattle Seahawks,Philadelphia Eagles,CenturyLink Field,SEA,-6.5,26,15,
2016,Washington Redskins,Green Bay Packers,FedEx Field,WAS,-3,42,24,
2016,Oakland Raiders,Houston Texans,Estadio Azteca,OAK,-6.5,27,20,
2016,Dallas Cowboys,Washington Redskins,Cowboys Stadium,DAL,-6,31,26,
2016,Detroit Lions,Minnesota Vikings,Ford Field,DET,-1.5,16,13,
2016,Indianapolis Colts,Pittsburgh Steelers,Lucas Oil Stadium,PIT,-8.5,7,28,
2016,Atlanta Falcons,Arizona Cardinals,Georgia Dome,ATL,-4,38,19,
2016,Baltimore Ravens,Cincinnati Bengals,M&T Bank Stadium,BAL,-3.5,19,14,
2016,Buffalo Bills,Jacksonville Jaguars,New Era Field,BUF,-8.5,28,21,
2016,Chicago Bears,Tennessee Titans,Soldier Field,TEN,-6.5,21,27,
2016,Cleveland Browns,New York Giants,FirstEnergy Stadium,NYG,-6.5,13,27,
2016,Denver Broncos,Kansas City Chiefs,Sports Authority Field at Mile High,DEN,-3.5,27,30,
2016,Houston Texans,San Diego Chargers,Reliant Stadium,LAC,-2.5,13,21,
2016,Miami Dolphins,San Francisco 49ers,Sun Life Stadium,MIA,-7,31,24,
2016,New Orleans Saints,Los Angeles Rams,Louisiana Superdome,NO,-8,49,21,
2016,New York Jets,New England Patriots,MetLife Stadium,NE,-9.5,17,22,
2016,Oakland Raiders,Carolina Panthers,Oakland Coliseum,OAK,-3.5,35,32,
2016,Tampa Bay Buccaneers,Seattle Seahawks,Raymond James Stadium,SEA,-5.5,14,5,
2016,Philadelphia Eagles,Green Bay Packers,Lincoln Financial Field,PHI,-4,13,27,
2016,Minnesota Vikings,Dallas Cowboys,U.S. Bank Stadium,DAL,-3,15,17,
2016,Arizona Cardinals,Washington Redskins,University of Phoenix Stadium,ARI,-2.5,31,23,
2016,Atlanta Falcons,Kansas City Chiefs,Georgia Dome,ATL,-5,28,29,
2016,Baltimore Ravens,Miami Dolphins,M&T Bank Stadium,BAL,-3.5,38,6,
2016,Chicago Bears,San Francisco 49ers,Soldier Field,SF,-1,26,6,
2016,Cincinnati Bengals,Philadelphia Eagles,Paul Brown Stadium,CIN,-1.5,32,14,
2016,Green Bay Packers,Houston Texans,Lambeau Field,GB,-7,21,13,
2016,Jacksonville Jaguars,Denver Broncos,EverBank Field,DEN,-3.5,10,20,
2016,New England Patriots,Los Angeles Rams,Gillette Stadium,NE,-13.5,26,10,
2016,New Orleans Saints,Detroit Lions,Louisiana Superdome,NO,-6.5,13,28,
2016,Oakland Raiders,Buffalo Bills,Oakland Coliseum,OAK,-3,38,24,
2016,Pittsburgh Steelers,New York Giants,Heinz Field,PIT,-6.5,24,14,
2016,San Diego Chargers,Tampa Bay Buccaneers,Qualcomm Stadium,LAC,-3.5,21,28,
2016,Seattle Seahawks,Carolina Panthers,CenturyLink Field,SEA,-8.5,40,7,
2016,New York Jets,Indianapolis Colts,MetLife Stadium,NYJ,-1,10,41,
2016,Kansas City Chiefs,Oakland Raiders,Arrowhead Stadium,KC,-3.5,21,13,
2016,Buffalo Bills,Pittsburgh Steelers,New Era Field,PIT,-2,20,27,
2016,Carolina Panthers,San Diego Chargers,Bank of America Stadium,CAR,-1,28,16,
2016,Cleveland Browns,Cincinnati Bengals,FirstEnergy Stadium,CIN,-5,10,23,
2016,Detroit Lions,Chicago Bears,Ford Field,DET,-7.5,20,17,
2016,Green Bay Packers,Seattle Seahawks,Lambeau Field,SEA,-3,38,10,
2016,Indianapolis Colts,Houston Texans,Lucas Oil Stadium,IND,-6.5,17,22,
2016,Jacksonville Jaguars,Minnesota Vikings,EverBank Field,MIN,-3.5,16,25,
2016,Los Angeles Rams,Atlanta Falcons,Los Angeles Memorial Coliseum,ATL,-5,14,42,
2016,Miami Dolphins,Arizona Cardinals,Sun Life Stadium,ARI,-2,26,23,
2016,New York Giants,Dallas Cowboys,MetLife Stadium,DAL,-3.5,10,7,
2016,Philadelphia Eagles,Washington Redskins,Lincoln Financial Field,WAS,-2.5,22,27,
2016,San Francisco 49ers,New York Jets,Levi's Stadium,SF,-3,17,23,
2016,Tampa Bay Buccaneers,New Orleans Saints,Raymond James Stadium,TB,-2,16,11,
2016,Tennessee Titans,Denver Broncos,Nissan Stadium,TEN,-2,13,10,
2016,New England Patriots,Baltimore Ravens,Gillette Stadium,NE,-6,30,23,
2016,Seattle Seahawks,Los Angeles Rams,CenturyLink Field,SEA,-15,24,3,
2016,New York Jets,Miami Dolphins,MetLife Stadium,MIA,-2.5,13,34,
2016,Arizona Cardinals,New Orleans Saints,University of Phoenix Stadium,ARI,-3,41,48,
2016,Atlanta Falcons,San Francisco 49ers,Georgia Dome,ATL,-13.5,41,13,
2016,Baltimore Ravens,Philadelphia Eagles,M&T Bank Stadium,BAL,-5,27,26,
2016,Buffalo Bills,Cleveland Browns,New Era Field,BUF,-10.5,33,13,
2016,Chicago Bears,Green Bay Packers,Soldier Field,GB,-4.5,27,30,
2016,Cincinnati Bengals,Pittsburgh Steelers,Paul Brown Stadium,PIT,-3,20,24,
2016,Dallas Cowboys,Tampa Bay Buccaneers,Cowboys Stadium,DAL,-7,26,20,
2016,Denver Broncos,New England Patriots,Sports Authority Field at Mile High,NE,-3,3,16,
2016,Houston Texans,Jacksonville Jaguars,Reliant Stadium,HOU,-3.5,21,20,
2016,Kansas City Chiefs,Tennessee Titans,Arrowhead Stadium,KC,-6,17,19,
2016,Minnesota Vikings,Indianapolis Colts,U.S. Bank Stadium,MIN,-5,6,34,
2016,New York Giants,Detroit Lions,MetLife Stadium,NYG,-4,17,6,
2016,San Diego Chargers,Oakland Raiders,Qualcomm Stadium,OAK,-2.5,16,19,
2016,Washington Redskins,Carolina Panthers,FedEx Field,WAS,-7,15,26,
2016,Philadelphia Eagles,New York Giants,Lincoln Financial Field,PHI,-1.5,24,19,
2016,Buffalo Bills,Miami Dolphins,New Era Field,BUF,-4.5,31,34,
2016,Carolina Panthers,Atlanta Falcons,Bank of America Stadium,ATL,-3,16,33,
2016,Chicago Bears,Washington Redskins,Soldier Field,WAS,-3,21,41,
2016,Cleveland Browns,San Diego Chargers,FirstEnergy Stadium,LAC,-4.5,20,17,
2016,Green Bay Packers,Minnesota Vikings,Lambeau Field,GB,-6,38,25,
2016,Houston Texans,Cincinnati Bengals,Reliant Stadium,HOU,-3,12,10,
2016,Jacksonville Jaguars,Tennessee Titans,EverBank Field,TEN,-4,38,17,
2016,Los Angeles Rams,San Francisco 49ers,Los Angeles Memorial Coliseum,LAR,-6,21,22,
2016,New England Patriots,New York Jets,Gillette Stadium,NE,-17,41,3,
2016,New Orleans Saints,Tampa Bay Buccaneers,Louisiana Superdome,NO,-3,31,24,
2016,Oakland Raiders,Indianapolis Colts,Oakland Coliseum,OAK,-3.5,33,25,
2016,Seattle Seahawks,Arizona Cardinals,CenturyLink Field,SEA,-9,31,34,
2016,Kansas City Chiefs,Denver Broncos,Arrowhead Stadium,KC,-3.5,33,10,
2016,Pittsburgh Steelers,Baltimore Ravens,Heinz Field,PIT,-5.5,31,27,
2016,Dallas Cowboys,Detroit Lions,Cowboys Stadium,DAL,-6.5,42,21,
2016,Atlanta Falcons,New Orleans Saints,Georgia Dome,ATL,-7.5,38,32,
2016,Cincinnati Bengals,Baltimore Ravens,Paul Brown Stadium,BAL,-2.5,27,10,
2016,Denver Broncos,Oakland Raiders,Sports Authority Field at Mile High,DEN,-1,24,6,
2016,Detroit Lions,Green Bay Packers,Ford Field,GB,-3.5,24,31,
2016,Indianapolis Colts,Jacksonville Jaguars,Lucas Oil Stadium,IND,-5.5,24,20,
2016,Los Angeles Rams,Arizona Cardinals,Los Angeles Memorial Coliseum,ARI,-7,6,44,
2016,Miami Dolphins,New England Patriots,Sun Life Stadium,NE,-7.5,14,35,
2016,Minnesota Vikings,Chicago Bears,U.S. Bank Stadium,MIN,-6,38,10,
2016,New York Jets,Buffalo Bills,MetLife Stadium,BUF,-3.5,30,10,
2016,Philadelphia Eagles,Dallas Cowboys,Lincoln Financial Field,PHI,-6.5,27,13,
2016,Pittsburgh Steelers,Cleveland Browns,Heinz Field,PIT,-3,27,24,
2016,San Diego Chargers,Kansas City Chiefs,Qualcomm Stadium,KC,-5.5,27,37,
2016,San Francisco 49ers,Seattle Seahawks,Levi's Stadium,SEA,-11.5,23,25,
2016,Tampa Bay Buccaneers,Carolina Panthers,Raymond James Stadium,TB,-3,17,16,
2016,Tennessee Titans,Houston Texans,Nissan Stadium,TEN,-3,24,17,
2016,Washington Redskins,New York Giants,FedEx Field,WAS,-9,10,19,
2016,Houston Texans,Oakland Raiders,Reliant Stadium,HOU,-4,27,14,
2016,Seattle Seahawks,Detroit Lions,CenturyLink Field,SEA,-8,26,6,
2016,Green Bay Packers,New York Giants,Lambeau Field,GB,-5,38,13,
2016,Pittsburgh Steelers,Miami Dolphins,Heinz Field,PIT,-11,30,12,
2016,Atlanta Falcons,Seattle Seahawks,Georgia Dome,ATL,-6.5,36,20,
2016,New England Patriots,Houston Texans,Gillette Stadium,NE,-16,34,16,
2016,Dallas Cowboys,Green Bay Packers,Cowboys Stadium,DAL,-5.5,31,34,
2016,Kansas City Chiefs,Pittsburgh Steelers,Arrowhead Stadium,KC,-2.5,16,18,
2016,Atlanta Falcons,Green Bay Packers,Georgia Dome,ATL,-6.5,44,21,
2016,New England Patriots,Pittsburgh Steelers,Gillette Stadium,NE,-5.5,36,17,
2016,New England Patriots,Atlanta Falcons,NRG Stadium,NE,-3,34,28,
